Team,Home_W,Home_L,Away_W,Away_L,Conf_W,Conf_L,SOS,FG,FG%,3P,3P%,FT,FT%,ORB,TRB,AST,STL,BLK,TOV,PF,Pace,FTAR,3PAR,TS%,TRB%,AST%,STL%,BLK%,eFG%,TOV%,ORB%,FT/FGA
Air Force,8,10,0,10,1.0,15.0,3.13,632,0.44299999999999995,176,0.313,333,0.635,220,851,389,155,51,394,547,59.6,0.36700000000000005,0.39399999999999996,0.529,46.8,61.6,8.4,6.2,0.504,19.0,24.2,0.233
Akron,13,5,7,4,12.0,4.0,-1.5,877,0.433,235,0.33899999999999997,483,0.657,467,1269,473,213,114,464,682,65.9,0.363,0.34299999999999997,0.521,51.6,53.9,9.0,8.5,0.491,16.4,37.2,0.239
Alabama A&M,8,5,3,9,8.0,10.0,-13.71,599,0.382,108,0.29100000000000004,472,0.635,376,1004,288,249,143,444,550,73.2,0.474,0.237,0.46299999999999997,46.8,48.1,12.5,12.7,0.41600000000000004,18.8,33.9,0.301
Alabama-Birmingham,14,4,9,4,11.0,5.0,2.9,763,0.42200000000000004,177,0.311,573,0.6940000000000001,420,1248,390,223,91,451,611,64.9,0.457,0.315,0.518,53.6,51.1,10.0,7.3,0.47100000000000003,17.0,35.7,0.317
Alabama State,9,3,6,11,12.0,6.0,-12.02,667,0.40399999999999997,190,0.324,474,0.6409999999999999,400,1101,400,228,129,501,634,67.8,0.44799999999999995,0.35600000000000004,0.499,51.3,60.0,10.8,11.1,0.462,20.0,35.6,0.287
Alabama,11,6,3,6,6.0,10.0,6.62,791,0.441,175,0.35,435,0.7070000000000001,386,1126,429,249,127,410,583,65.7,0.34299999999999997,0.27899999999999997,0.525,50.5,54.2,11.8,10.9,0.49,16.4,35.0,0.242
Albany (NY),4,9,3,15,2.0,14.0,-5.53,710,0.409,194,0.332,393,0.721,399,1156,380,187,97,517,602,65.7,0.314,0.337,0.503,52.0,53.5,8.8,8.2,0.465,20.6,36.0,0.226
Alcorn State,2,8,0,18,2.0,16.0,-9.0,651,0.379,135,0.309,443,0.611,356,1065,269,214,98,642,670,75.3,0.42200000000000004,0.255,0.456,44.5,41.3,9.1,7.4,0.418,23.7,29.2,0.258
American,7,8,4,12,7.0,7.0,-6.89,681,0.425,184,0.345,395,0.6920000000000001,304,1097,447,109,81,458,590,64.1,0.35600000000000004,0.33299999999999996,0.518,52.4,65.6,5.4,6.6,0.48200000000000004,19.6,30.2,0.24600000000000002
Appalachian State,14,4,8,8,13.0,5.0,-2.76,954,0.47600000000000003,279,0.397,579,0.738,411,1424,447,201,102,544,652,67.5,0.391,0.35,0.581,55.7,46.9,8.0,7.7,0.545,18.6,35.3,0.289
Arizona State,16,4,5,5,12.0,6.0,5.83,743,0.452,271,0.369,445,0.7120000000000001,281,1050,461,216,80,392,542,62.1,0.38,0.447,0.5670000000000001,49.9,62.0,10.5,7.2,0.534,16.8,28.3,0.271
Arizona,11,5,4,7,10.0,8.0,8.1,745,0.44299999999999995,194,0.358,545,0.733,302,1062,384,186,78,436,595,68.4,0.44299999999999995,0.322,0.5479999999999999,49.9,51.5,8.6,6.4,0.501,17.6,29.6,0.324
Little Rock,8,6,0,14,4.0,14.0,-2.23,670,0.425,185,0.369,503,0.6990000000000001,296,1019,363,141,81,402,597,67.2,0.457,0.318,0.529,49.0,54.2,6.9,7.7,0.484,17.3,29.0,0.319
Arkansas-Pine Bluff,8,1,5,14,14.0,4.0,-7.68,725,0.408,141,0.303,575,0.6679999999999999,422,1286,421,229,121,569,764,67.4,0.484,0.262,0.495,54.2,58.1,9.8,10.2,0.447,20.6,35.6,0.32299999999999995
Arkansas State,10,5,5,8,11.0,7.0,-4.39,768,0.446,172,0.349,452,0.6629999999999999,367,1188,406,159,129,430,562,67.6,0.396,0.28600000000000003,0.528,52.6,52.9,7.5,10.3,0.496,17.4,33.8,0.263
Arkansas,12,8,2,7,7.0,9.0,5.09,829,0.446,201,0.34700000000000003,532,0.68,351,1103,440,232,130,439,598,71.3,0.42100000000000004,0.311,0.536,48.2,53.1,10.0,10.1,0.5,16.4,30.7,0.28600000000000003
Army,10,4,4,11,4.0,10.0,-7.96,637,0.414,159,0.326,316,0.654,300,928,334,239,74,430,580,64.9,0.314,0.317,0.495,49.3,52.4,12.6,9.8,0.466,19.6,30.5,0.205
Auburn,12,5,1,9,6.0,10.0,4.68,850,0.444,271,0.331,451,0.655,382,1121,419,252,89,437,635,71.0,0.36,0.428,0.541,49.6,49.3,11.0,7.5,0.515,16.3,32.5,0.23600000000000002
Austin Peay,11,4,5,9,11.0,7.0,-1.68,786,0.455,200,0.366,548,0.6940000000000001,347,1092,429,189,107,458,547,67.6,0.457,0.317,0.552,49.2,54.6,8.6,8.6,0.513,17.9,32.0,0.317
Ball State,11,6,4,8,8.0,8.0,-1.48,617,0.415,113,0.365,471,0.688,314,1053,332,152,91,436,531,62.7,0.461,0.209,0.502,51.0,53.8,7.9,8.4,0.45299999999999996,19.4,32.0,0.317
Baylor,15,1,6,4,11.0,5.0,8.03,993,0.48700000000000004,255,0.385,530,0.725,443,1408,508,237,242,491,639,67.2,0.358,0.325,0.58,54.4,51.2,9.7,17.4,0.5489999999999999,17.1,38.5,0.26
Belmont,10,3,8,8,14.0,6.0,-3.41,763,0.449,244,0.344,496,0.674,371,1150,445,222,92,513,595,70.1,0.433,0.41700000000000004,0.5529999999999999,51.2,58.3,10.1,7.1,0.521,20.0,34.9,0.292
Bethune-Cookman,10,4,4,11,7.0,9.0,-8.4,743,0.43,134,0.33899999999999997,401,0.643,392,1096,344,227,114,423,593,62.0,0.361,0.22899999999999998,0.499,50.8,46.3,11.1,10.8,0.469,17.3,35.0,0.23199999999999998
Binghamton,9,3,3,12,8.0,8.0,-4.31,690,0.423,158,0.29,371,0.665,359,1078,299,166,122,439,530,63.2,0.342,0.33299999999999996,0.503,50.2,43.3,8.4,11.0,0.47100000000000003,18.8,34.2,0.22699999999999998
Boise State,9,7,4,9,5.0,11.0,0.68,894,0.46,192,0.332,390,0.675,371,1148,515,244,119,458,537,71.3,0.298,0.298,0.535,50.8,57.6,10.6,8.9,0.51,17.1,32.7,0.201
Boston College,11,6,3,7,6.0,10.0,7.21,798,0.447,159,0.326,390,0.716,401,1124,465,155,108,394,524,65.8,0.305,0.273,0.524,53.5,58.3,7.6,8.6,0.491,16.2,38.5,0.218
Boston University,10,4,9,8,11.0,5.0,-3.23,833,0.41,300,0.364,562,0.7240000000000001,397,1296,398,257,114,475,744,70.1,0.382,0.405,0.526,49.4,47.8,10.4,9.0,0.484,16.5,30.1,0.276
Bowling Green State,9,5,5,11,6.0,10.0,-0.94,695,0.444,130,0.326,369,0.67,327,1011,393,204,99,420,494,63.8,0.35200000000000004,0.255,0.517,51.2,56.5,10.6,10.1,0.486,18.7,33.6,0.23600000000000002
Bradley,10,5,4,8,9.0,9.0,4.11,721,0.439,187,0.35600000000000004,462,0.7440000000000001,283,1021,370,195,85,373,518,64.9,0.37799999999999995,0.32,0.54,48.5,51.3,9.6,8.2,0.496,16.2,28.4,0.282
Brigham Young,15,1,10,4,13.0,3.0,3.0,1025,0.483,292,0.41700000000000004,650,0.79,367,1332,567,307,126,417,621,71.0,0.38799999999999996,0.33,0.596,53.0,55.3,11.9,9.1,0.552,14.2,31.2,0.307
Brown,4,9,6,10,5.0,9.0,-3.82,710,0.441,212,0.34700000000000003,441,0.733,225,990,417,121,118,402,436,66.5,0.374,0.38,0.547,46.1,58.7,5.8,8.8,0.507,17.5,22.5,0.27399999999999997
Bryant,0,11,1,16,1.0,17.0,,545,0.37200000000000005,154,0.284,259,0.6659999999999999,243,867,317,169,107,489,590,64.9,0.265,0.37,0.455,43.4,58.2,8.9,10.4,0.424,22.9,23.9,0.177
Bucknell,8,5,5,11,9.0,5.0,-6.84,717,0.41,200,0.32899999999999996,443,0.73,335,1048,370,152,113,359,553,65.4,0.34700000000000003,0.34700000000000003,0.51,49.4,51.6,7.4,9.9,0.467,15.0,30.7,0.253
Buffalo,9,4,8,6,9.0,7.0,-2.27,755,0.433,207,0.34700000000000003,453,0.7170000000000001,379,1066,454,227,100,422,570,69.0,0.363,0.34299999999999997,0.531,51.0,60.1,10.9,8.8,0.493,17.1,34.9,0.26
Butler,15,0,12,1,18.0,0.0,5.08,845,0.442,260,0.342,661,0.738,353,1241,464,267,86,456,685,64.1,0.469,0.39799999999999996,0.5589999999999999,52.1,54.9,10.9,6.5,0.51,16.3,30.4,0.34600000000000003
Cal Poly,6,6,5,12,7.0,9.0,-2.31,738,0.41700000000000004,206,0.33399999999999996,494,0.7290000000000001,384,1100,364,171,73,417,683,67.8,0.38299999999999995,0.348,0.52,51.1,49.3,8.0,6.8,0.475,16.6,34.1,0.27899999999999997
Cal State Bakersfield,5,6,2,16,0.0,0.0,,636,0.38799999999999996,146,0.311,489,0.687,408,1048,263,181,83,438,543,68.4,0.435,0.287,0.48200000000000004,48.9,41.4,9.0,6.9,0.433,18.1,36.1,0.299
Cal State Fullerton,8,5,7,6,8.0,8.0,-1.55,790,0.45,209,0.349,514,0.7140000000000001,323,1141,421,175,98,453,613,69.3,0.41,0.341,0.5489999999999999,50.2,53.3,7.9,7.6,0.51,17.8,29.7,0.293
Cal State Northridge,7,6,2,13,6.0,10.0,-1.06,751,0.42,156,0.312,624,0.669,431,1214,358,239,99,561,740,72.6,0.522,0.27899999999999997,0.511,50.5,47.7,10.2,8.8,0.46299999999999997,20.1,35.9,0.349
UC-Davis,8,5,4,11,8.0,8.0,-3.01,751,0.442,210,0.35700000000000004,513,0.7040000000000001,296,1015,446,247,90,482,641,69.4,0.429,0.34600000000000003,0.544,48.6,59.4,11.1,8.0,0.504,19.1,28.0,0.302
UC-Irvine,10,5,3,11,6.0,10.0,-3.75,749,0.423,188,0.34600000000000003,476,0.723,352,1060,419,181,89,367,603,65.7,0.371,0.306,0.519,48.5,55.9,8.6,7.6,0.47600000000000003,15.0,31.1,0.26899999999999996
UC-Riverside,8,6,4,11,5.0,11.0,-2.61,643,0.41600000000000004,153,0.353,394,0.648,362,1063,353,149,67,377,532,63.1,0.39299999999999996,0.28,0.5,53.3,54.9,8.0,7.5,0.465,17.0,35.5,0.255
UC-Santa Barbara,11,2,6,7,12.0,4.0,-1.09,674,0.44299999999999995,205,0.377,475,0.6809999999999999,268,984,414,202,92,460,572,67.7,0.45899999999999996,0.35700000000000004,0.547,48.4,61.4,9.9,9.5,0.51,19.9,27.4,0.312
University of California,15,1,6,6,13.0,5.0,8.26,966,0.47600000000000003,228,0.374,543,0.757,395,1241,500,198,86,421,593,67.9,0.354,0.3,0.5710000000000001,52.5,51.8,8.3,6.3,0.5329999999999999,15.1,34.7,0.268
Campbell,12,3,7,7,14.0,6.0,-4.96,702,0.445,144,0.35,509,0.708,353,978,430,314,64,429,563,66.7,0.456,0.26,0.536,50.6,61.3,15.7,7.1,0.49,18.3,35.4,0.32299999999999995
Canisius,7,5,5,10,8.0,10.0,-4.09,744,0.41200000000000003,210,0.315,427,0.701,404,1199,403,193,112,471,585,66.1,0.337,0.369,0.507,51.0,54.2,8.9,9.2,0.47,18.4,35.0,0.23600000000000002
Centenary (LA),5,9,3,11,3.0,15.0,-5.08,684,0.41600000000000004,227,0.35200000000000004,461,0.733,274,874,383,231,65,442,617,71.9,0.382,0.391,0.529,43.9,56.0,10.9,5.8,0.485,18.5,25.9,0.28
Central Arkansas,5,9,2,12,3.0,13.0,,641,0.41100000000000003,161,0.311,454,0.638,339,1013,296,195,101,420,520,65.8,0.456,0.331,0.5,49.4,46.2,9.8,8.9,0.46299999999999997,18.1,32.1,0.29100000000000004
Central Connecticut State,8,4,3,13,9.0,9.0,-9.68,645,0.40299999999999997,152,0.312,392,0.7170000000000001,330,974,329,200,90,402,454,63.7,0.342,0.305,0.493,48.7,51.0,10.3,7.8,0.451,17.8,32.1,0.245
Central Florida,9,6,3,9,6.0,10.0,2.19,758,0.442,178,0.33799999999999997,439,0.682,356,1052,474,248,95,457,599,65.5,0.375,0.307,0.527,49.2,62.5,11.7,8.6,0.494,18.4,33.3,0.256
Central Michigan,10,3,5,11,9.0,7.0,-3.58,651,0.41,229,0.37200000000000005,406,0.664,371,1005,321,246,85,427,654,64.5,0.385,0.387,0.516,50.8,49.3,12.7,8.9,0.48200000000000004,18.5,35.6,0.256
Charleston Southern,11,3,2,14,7.0,11.0,-8.12,767,0.429,197,0.353,331,0.662,407,1100,331,269,121,444,535,67.6,0.27899999999999997,0.312,0.509,50.6,43.2,13.0,10.7,0.484,18.0,36.0,0.185
Charlotte,10,5,7,7,9.0,7.0,3.0,756,0.418,201,0.311,563,0.733,413,1227,409,183,126,413,564,69.4,0.425,0.35700000000000004,0.524,51.7,54.1,8.4,10.5,0.474,16.0,35.5,0.312
Chattanooga,11,5,2,11,6.0,12.0,-3.68,823,0.436,269,0.33299999999999996,390,0.618,383,1238,483,199,82,538,626,70.9,0.33399999999999996,0.428,0.527,50.8,58.7,8.5,8.3,0.507,19.7,31.8,0.20600000000000002
Chicago State,7,5,0,17,4.0,8.0,-7.61,701,0.382,139,0.271,469,0.6609999999999999,453,1169,321,222,69,511,640,68.9,0.387,0.28,0.46299999999999997,50.8,45.8,10.0,6.8,0.42,19.1,36.1,0.256
Cincinnati,13,5,2,9,7.0,11.0,8.45,890,0.428,200,0.29100000000000004,428,0.638,489,1374,482,199,107,458,642,66.4,0.322,0.33,0.502,54.3,54.2,8.4,8.4,0.47600000000000003,16.0,38.3,0.20600000000000002
Citadel,8,6,5,8,9.0,9.0,-2.94,687,0.41200000000000003,229,0.354,347,0.723,312,1023,350,165,48,343,488,60.2,0.28800000000000003,0.38799999999999996,0.514,49.2,50.9,8.5,4.7,0.48,15.3,29.4,0.20800000000000002
Clemson,14,2,5,6,9.0,7.0,7.9,851,0.45299999999999996,216,0.342,432,0.6609999999999999,420,1178,453,301,151,480,564,70.1,0.348,0.336,0.537,51.4,53.2,13.4,11.9,0.511,18.0,36.5,0.23
Cleveland State,13,5,3,9,10.0,8.0,2.12,796,0.442,214,0.349,477,0.7490000000000001,320,975,431,293,61,405,711,66.3,0.353,0.341,0.542,46.6,54.1,13.4,5.4,0.501,16.1,29.4,0.265
Coastal Carolina,17,2,9,4,15.0,3.0,-10.14,966,0.478,184,0.359,468,0.632,465,1375,541,265,156,452,566,67.4,0.366,0.253,0.544,53.8,56.0,11.2,11.7,0.523,16.0,38.3,0.231
Colgate,7,6,3,11,6.0,8.0,-6.52,693,0.434,192,0.37,377,0.685,320,996,384,181,59,434,540,66.8,0.345,0.325,0.526,51.0,55.4,9.2,5.7,0.494,18.9,32.1,0.23600000000000002
College of Charleston,12,1,8,9,14.0,4.0,-2.46,950,0.45799999999999996,326,0.371,323,0.743,301,1078,445,199,162,382,574,69.0,0.21,0.424,0.5589999999999999,43.9,46.8,8.4,10.6,0.537,14.4,25.6,0.156
Colorado State,11,4,3,11,7.0,9.0,3.61,704,0.43,177,0.353,535,0.6759999999999999,354,1105,340,231,78,485,658,66.6,0.483,0.307,0.527,51.8,48.3,10.8,7.5,0.484,19.4,32.8,0.327
Colorado,13,3,1,10,6.0,10.0,7.7,773,0.473,206,0.38799999999999996,561,0.7659999999999999,228,884,443,256,70,409,659,69.2,0.44799999999999995,0.325,0.584,44.2,57.3,11.8,6.0,0.536,17.1,23.7,0.34299999999999997
Columbia,7,6,4,11,5.0,9.0,-6.04,590,0.406,135,0.376,371,0.6709999999999999,303,925,279,208,52,401,552,64.8,0.381,0.247,0.49200000000000005,50.2,47.3,11.5,5.9,0.45299999999999996,19.0,31.4,0.256
Connecticut,15,4,2,9,7.0,11.0,9.15,842,0.449,125,0.31,571,0.6890000000000001,460,1338,461,220,260,506,538,68.3,0.442,0.215,0.524,52.6,54.8,9.5,17.6,0.48200000000000004,18.2,38.7,0.304
Coppin State,7,6,1,15,3.0,13.0,-6.81,654,0.389,148,0.317,377,0.738,337,1003,304,185,63,419,561,66.2,0.304,0.278,0.47700000000000004,46.3,46.5,9.2,6.3,0.433,17.9,30.7,0.22399999999999998
Cornell,11,1,13,3,13.0,1.0,-0.91,913,0.48200000000000004,326,0.43,393,0.73,349,1149,543,243,122,414,598,64.7,0.284,0.401,0.604,52.4,59.5,11.0,10.2,0.568,16.1,33.0,0.207
Creighton,15,2,3,10,10.0,8.0,3.15,812,0.434,251,0.336,499,0.72,357,1194,465,174,111,414,621,65.9,0.371,0.39899999999999997,0.54,50.5,57.3,7.7,9.0,0.501,15.8,30.8,0.267
Dartmouth,5,10,0,13,1.0,13.0,-5.46,574,0.381,102,0.294,263,0.6559999999999999,286,862,285,178,64,376,512,63.8,0.266,0.23,0.446,45.8,49.7,10.0,6.3,0.415,18.1,28.6,0.175
Davidson,10,4,5,5,11.0,7.0,-1.26,759,0.428,279,0.365,405,0.677,371,1148,474,141,112,421,603,67.0,0.337,0.431,0.544,52.5,62.5,6.7,9.6,0.506,17.0,33.1,0.228
Dayton,16,2,6,7,8.0,8.0,5.61,909,0.44299999999999995,256,0.344,525,0.665,439,1432,544,237,128,536,729,67.3,0.385,0.363,0.536,54.0,59.8,9.4,10.1,0.506,18.1,34.2,0.256
Delaware State,12,3,4,8,11.0,5.0,-7.6,607,0.409,145,0.327,338,0.677,328,809,300,239,71,332,440,59.0,0.336,0.299,0.493,47.0,49.4,13.9,7.8,0.45799999999999996,16.2,34.6,0.228
Delaware,5,10,2,13,3.0,15.0,1.37,685,0.391,174,0.293,421,0.6990000000000001,400,1078,361,156,73,411,649,64.6,0.344,0.33899999999999997,0.48200000000000004,49.4,52.7,7.6,6.6,0.441,16.8,34.5,0.24
Denver,15,1,2,11,10.0,8.0,-4.89,689,0.49,251,0.395,450,0.7140000000000001,156,768,465,181,97,378,697,60.3,0.44799999999999995,0.452,0.61,44.6,67.5,9.4,9.2,0.579,18.1,18.8,0.32
DePaul,6,9,0,11,1.0,17.0,7.58,704,0.39799999999999996,175,0.314,308,0.5820000000000001,372,1036,366,236,97,338,570,63.1,0.299,0.315,0.46799999999999997,46.2,52.0,11.9,8.4,0.447,14.3,31.5,0.174
Detroit Mercy,11,5,6,8,9.0,9.0,-1.59,829,0.45899999999999996,146,0.33299999999999996,556,0.655,401,1225,464,255,133,530,631,68.4,0.47,0.243,0.534,52.9,56.0,10.9,10.9,0.5,19.4,35.5,0.308
Drake,8,8,4,8,7.0,11.0,3.34,738,0.436,284,0.381,437,0.757,221,939,386,182,67,332,551,63.2,0.341,0.44,0.5579999999999999,44.8,52.3,8.7,6.1,0.519,14.4,21.2,0.258
Drexel,10,4,6,11,11.0,7.0,0.19,732,0.406,153,0.312,427,0.657,407,1152,397,190,113,387,665,65.1,0.361,0.272,0.484,50.0,54.2,9.1,9.0,0.449,15.5,34.2,0.237
Duke,17,0,5,5,13.0,3.0,9.21,1049,0.442,301,0.385,682,0.759,569,1560,555,266,162,429,722,66.5,0.379,0.32899999999999996,0.5489999999999999,54.4,52.9,10.0,9.8,0.505,13.3,40.3,0.287
Duquesne,11,3,3,12,7.0,9.0,1.95,819,0.42700000000000005,172,0.261,441,0.604,417,1195,441,259,138,457,602,69.6,0.38,0.34299999999999997,0.49700000000000005,47.5,53.8,11.2,11.1,0.47100000000000003,16.8,32.8,0.23
East Carolina,5,9,4,8,4.0,12.0,4.42,717,0.43700000000000006,168,0.326,480,0.701,348,1103,367,199,106,518,546,68.8,0.41700000000000004,0.314,0.529,51.1,51.2,9.3,8.6,0.488,20.9,34.0,0.293
East Tennessee State,9,5,9,9,13.0,7.0,-1.47,855,0.43200000000000005,177,0.308,537,0.659,445,1277,382,293,112,519,673,69.4,0.41200000000000003,0.29100000000000004,0.512,50.5,44.7,12.0,9.9,0.47700000000000004,18.0,35.0,0.271
Eastern Illinois,12,4,7,7,11.0,7.0,-5.0,780,0.462,129,0.375,423,0.721,349,1084,465,192,104,420,519,64.5,0.34700000000000003,0.204,0.536,52.0,59.6,9.4,10.1,0.5,17.6,35.2,0.25
Eastern Kentucky,15,3,4,10,11.0,7.0,-5.16,846,0.473,327,0.397,332,0.722,243,886,514,234,76,319,544,63.0,0.257,0.46,0.585,44.6,60.8,11.3,7.0,0.564,13.7,24.1,0.185
Eastern Michigan,11,4,5,9,8.0,8.0,-3.59,713,0.41700000000000004,201,0.305,497,0.6579999999999999,370,1126,399,216,92,435,569,66.3,0.441,0.385,0.513,51.0,56.0,10.1,7.9,0.475,17.4,32.8,0.29
Eastern Washington,7,6,2,13,5.0,11.0,-1.91,723,0.41600000000000004,206,0.355,413,0.713,303,1021,408,186,74,452,626,71.4,0.33299999999999996,0.33399999999999996,0.513,48.5,56.4,8.6,6.4,0.475,18.3,27.3,0.237
Elon,4,7,4,12,5.0,13.0,-3.04,760,0.414,229,0.32,392,0.648,329,1060,401,192,64,422,599,68.9,0.32899999999999996,0.39,0.504,46.2,52.8,8.6,5.1,0.47600000000000003,16.6,27.8,0.213
Evansville,7,9,2,11,3.0,15.0,1.82,668,0.431,138,0.355,470,0.721,286,1001,423,153,50,431,642,66.0,0.42100000000000004,0.251,0.523,50.6,63.3,7.6,5.0,0.475,18.8,29.2,0.303
Fairfield,12,2,9,9,13.0,5.0,-3.33,860,0.431,207,0.335,487,0.6970000000000001,455,1243,473,253,174,452,627,67.0,0.35,0.31,0.518,50.7,55.0,10.9,13.3,0.483,16.3,36.5,0.244
Fairleigh Dickinson,7,7,4,12,10.0,8.0,-6.42,701,0.418,144,0.322,481,0.647,319,1128,361,176,127,497,610,68.5,0.44299999999999995,0.266,0.499,48.8,51.5,8.0,10.4,0.461,19.7,28.9,0.287
Florida A&M,6,6,3,13,5.0,11.0,-6.41,683,0.406,172,0.308,427,0.64,358,1042,312,178,82,485,591,68.2,0.397,0.332,0.49200000000000005,46.8,45.7,8.4,6.7,0.457,19.5,31.9,0.254
Florida Atlantic,9,4,5,10,10.0,8.0,-3.3,779,0.42700000000000005,220,0.381,424,0.677,366,1061,431,172,137,370,632,69.2,0.34299999999999997,0.316,0.519,47.9,55.3,8.1,10.7,0.48700000000000004,14.9,31.7,0.23199999999999998
Florida Gulf Coast,5,8,3,13,5.0,15.0,,679,0.42200000000000004,124,0.303,393,0.649,395,1035,403,232,102,494,628,68.5,0.377,0.254,0.494,50.2,59.4,11.6,11.2,0.461,20.7,37.9,0.244
Florida International,4,9,3,15,4.0,14.0,-2.74,782,0.41600000000000004,176,0.289,436,0.6990000000000001,384,1053,395,254,60,435,623,69.0,0.332,0.324,0.499,46.9,50.5,11.4,5.3,0.462,16.6,31.5,0.23199999999999998
Florida State,13,3,6,5,10.0,6.0,6.79,783,0.452,186,0.33399999999999996,431,0.644,406,1211,446,267,200,528,575,67.6,0.386,0.321,0.532,53.7,57.0,12.3,17.7,0.505,20.5,38.1,0.249
Florida,13,4,5,5,9.0,7.0,7.16,890,0.444,203,0.313,472,0.703,455,1265,479,243,94,423,501,66.5,0.33399999999999996,0.32299999999999995,0.528,52.0,53.8,10.6,7.2,0.494,15.4,37.0,0.235
Fordham,2,10,0,15,0.0,16.0,2.08,645,0.38,134,0.278,369,0.6779999999999999,360,1046,273,157,115,436,556,72.6,0.32,0.284,0.45799999999999996,47.7,42.3,7.7,9.5,0.419,18.2,31.5,0.217
Fresno State,12,6,3,11,7.0,9.0,1.31,750,0.425,215,0.319,473,0.6779999999999999,343,1104,466,261,143,462,555,66.9,0.396,0.38299999999999995,0.522,48.8,62.1,11.8,12.5,0.486,18.1,30.4,0.268
Furman,8,6,4,9,7.0,11.0,-4.83,676,0.41700000000000004,195,0.35200000000000004,505,0.715,326,1074,347,148,154,433,631,68.3,0.436,0.342,0.525,50.2,51.3,7.2,12.5,0.47700000000000004,18.1,31.4,0.312
Gardner-Webb,5,10,3,11,5.0,13.0,-5.61,739,0.423,198,0.33399999999999996,329,0.643,352,1044,414,201,73,525,588,73.5,0.293,0.33799999999999997,0.503,47.9,56.0,9.3,6.1,0.479,20.9,31.7,0.188
George Mason,11,5,5,8,12.0,6.0,0.06,759,0.439,165,0.34299999999999997,462,0.642,365,1111,379,210,128,438,557,66.3,0.41600000000000004,0.278,0.518,49.2,49.9,9.8,10.2,0.48700000000000004,17.5,32.8,0.267
George Washington,8,7,7,8,6.0,10.0,0.96,783,0.435,154,0.33,460,0.652,431,1197,398,244,109,443,647,69.0,0.392,0.259,0.511,52.9,50.8,11.3,10.7,0.478,17.2,37.3,0.256
Georgetown,12,4,6,5,10.0,8.0,9.56,905,0.499,212,0.387,478,0.711,333,1132,524,237,161,473,579,66.6,0.37,0.302,0.586,51.8,57.9,10.5,12.9,0.557,18.1,33.1,0.263
Georgia Southern,8,6,1,16,6.0,12.0,-1.67,791,0.428,231,0.37799999999999995,447,0.672,368,985,444,259,106,512,693,71.7,0.36,0.33,0.522,45.2,56.1,11.2,8.5,0.49,19.1,31.4,0.242
Georgia State,9,5,1,12,5.0,13.0,-1.48,740,0.418,135,0.315,378,0.6859999999999999,423,1082,356,231,106,432,599,63.0,0.311,0.242,0.49,50.3,48.1,11.3,9.7,0.456,17.5,37.9,0.214
Georgia Tech,14,2,3,8,7.0,9.0,9.02,948,0.45899999999999996,213,0.363,512,0.657,464,1430,508,288,190,574,670,70.4,0.377,0.284,0.5379999999999999,53.2,53.6,11.3,13.9,0.511,19.1,37.4,0.248
Georgia,12,4,0,12,5.0,11.0,8.04,759,0.456,150,0.366,460,0.718,385,1117,425,187,145,471,503,66.2,0.385,0.24600000000000002,0.541,53.3,56.0,9.1,11.9,0.501,19.3,38.2,0.276
Gonzaga,14,1,6,3,12.0,2.0,3.83,912,0.491,182,0.353,608,0.664,358,1286,456,227,142,444,614,69.4,0.494,0.278,0.57,53.1,50.0,9.5,10.5,0.54,16.2,32.1,0.32799999999999996
Grambling,4,7,2,13,4.0,14.0,-12.75,613,0.395,166,0.34700000000000003,392,0.688,299,930,315,210,73,438,624,69.7,0.368,0.309,0.49,45.9,51.4,10.6,6.7,0.449,19.4,28.8,0.253
Green Bay,11,4,9,7,11.0,7.0,0.75,832,0.43700000000000006,234,0.376,499,0.7340000000000001,390,1142,410,213,89,434,649,64.1,0.35700000000000004,0.327,0.5379999999999999,49.2,49.3,9.4,6.9,0.498,16.3,33.5,0.262
Hampton,6,6,6,9,8.0,8.0,-8.36,725,0.424,164,0.299,488,0.6779999999999999,368,1106,385,278,127,496,591,68.0,0.42200000000000004,0.321,0.513,48.9,53.1,12.8,10.6,0.47200000000000003,19.5,33.5,0.28600000000000003
Hartford,5,8,3,13,6.0,10.0,-6.04,668,0.39799999999999996,233,0.344,299,0.639,297,932,340,181,80,349,659,64.9,0.27899999999999997,0.40399999999999997,0.49200000000000005,45.1,50.9,9.3,8.5,0.46799999999999997,15.5,27.0,0.17800000000000002
Harvard,11,2,10,6,10.0,4.0,-3.91,723,0.479,185,0.361,514,0.765,272,970,446,228,136,446,540,67.7,0.445,0.33899999999999997,0.586,51.7,61.7,11.4,12.6,0.54,19.6,31.3,0.34
Hawaii,10,11,0,9,3.0,13.0,0.33,707,0.431,150,0.313,480,0.66,402,1075,415,133,61,429,543,67.0,0.44299999999999995,0.292,0.515,52.5,58.7,6.6,5.3,0.47700000000000004,17.8,38.8,0.293
High Point,12,1,3,14,10.0,8.0,-9.3,771,0.431,196,0.35600000000000004,431,0.687,390,1063,385,205,127,471,648,71.4,0.35100000000000003,0.308,0.52,49.4,49.9,9.5,10.5,0.486,18.4,34.8,0.24100000000000002
Hofstra,11,6,6,7,10.0,8.0,-0.02,859,0.409,184,0.326,482,0.726,503,1382,466,254,219,469,731,69.2,0.316,0.26899999999999996,0.498,52.5,54.2,10.7,16.5,0.452,16.2,37.4,0.22899999999999998
Holy Cross,5,7,3,14,5.0,9.0,-5.57,761,0.446,161,0.381,464,0.701,381,1136,409,134,89,447,551,66.8,0.38799999999999996,0.248,0.531,53.0,53.7,6.4,7.4,0.493,18.1,36.7,0.272
Houston Baptist,6,8,4,12,9.0,3.0,,801,0.41600000000000004,135,0.284,610,0.727,450,1294,409,237,121,606,683,74.6,0.436,0.247,0.505,51.3,51.1,9.6,8.8,0.451,20.7,35.8,0.317
Houston,10,5,4,9,7.0,9.0,3.48,958,0.42,290,0.35600000000000004,545,0.71,440,1185,435,329,103,315,652,71.4,0.337,0.35700000000000004,0.52,44.5,45.4,13.1,7.2,0.483,10.6,30.3,0.239
Howard,4,5,2,15,6.0,10.0,-7.27,639,0.375,178,0.297,412,0.5920000000000001,388,1092,308,140,69,473,537,65.6,0.408,0.35200000000000004,0.45899999999999996,48.1,48.2,6.6,5.3,0.42700000000000005,18.9,32.1,0.242
Idaho State,6,6,1,16,4.0,12.0,0.13,705,0.45299999999999996,135,0.34700000000000003,382,0.693,332,926,324,166,80,382,516,63.3,0.354,0.25,0.53,49.9,46.0,8.9,8.2,0.49700000000000005,17.4,35.9,0.24600000000000002
Idaho,8,6,6,10,6.0,10.0,0.48,791,0.46399999999999997,194,0.377,430,0.6609999999999999,335,1074,459,185,95,432,554,67.9,0.382,0.302,0.5479999999999999,50.9,58.0,8.8,7.9,0.521,17.7,32.5,0.252
Illinois-Chicago,7,7,1,15,3.0,15.0,0.94,654,0.387,175,0.303,393,0.716,313,982,315,211,74,383,569,67.4,0.325,0.342,0.48100000000000004,45.5,48.2,10.4,7.0,0.43799999999999994,16.4,27.8,0.23199999999999998
Illinois State,15,2,6,8,11.0,7.0,1.16,794,0.447,193,0.327,502,0.7,383,1173,433,240,114,429,556,65.2,0.40399999999999997,0.332,0.539,53.1,54.5,11.1,10.4,0.501,16.9,34.4,0.28300000000000003
Illinois,13,5,7,4,10.0,8.0,9.58,957,0.45,219,0.34,414,0.713,396,1337,570,202,144,443,611,66.9,0.273,0.303,0.53,51.9,59.6,8.3,11.4,0.501,15.6,32.2,0.195
Indiana State,11,3,5,10,9.0,9.0,2.4,708,0.42100000000000004,221,0.35100000000000003,476,0.769,290,1067,335,177,120,401,590,64.1,0.368,0.375,0.535,48.2,47.3,8.5,10.2,0.48700000000000004,16.9,27.6,0.28300000000000003
Indiana,8,9,1,8,4.0,14.0,9.37,703,0.41700000000000004,160,0.341,487,0.691,395,1090,375,211,107,486,636,67.7,0.418,0.278,0.508,49.7,53.3,10.0,9.2,0.46399999999999997,19.4,35.6,0.289
Iona,11,3,8,4,12.0,6.0,-1.85,700,0.42,227,0.36700000000000005,423,0.6809999999999999,322,1041,421,246,90,420,614,66.5,0.373,0.371,0.522,48.3,60.1,11.9,8.4,0.488,17.6,29.7,0.254
Iowa State,11,7,3,7,4.0,12.0,8.37,804,0.444,200,0.37,442,0.657,388,1193,442,162,155,443,490,69.3,0.37200000000000005,0.298,0.528,51.4,55.0,7.4,11.9,0.499,17.2,33.9,0.244
Iowa,9,9,1,10,4.0,14.0,8.09,675,0.414,239,0.317,348,0.6920000000000001,317,1023,394,134,64,440,507,62.0,0.309,0.462,0.518,50.1,58.4,6.7,5.7,0.488,19.1,30.4,0.214
Purdue-Fort Wayne,10,4,5,10,9.0,9.0,-4.73,747,0.41700000000000004,221,0.379,414,0.696,335,1103,376,183,145,398,592,67.9,0.332,0.326,0.514,49.3,50.3,8.6,11.6,0.479,16.1,29.3,0.231
IUPUI,11,3,10,5,15.0,3.0,-4.08,953,0.504,204,0.389,571,0.715,359,1199,538,317,167,513,573,66.3,0.423,0.278,0.59,51.5,56.5,13.1,12.8,0.5579999999999999,18.4,33.5,0.302
Jackson State,9,3,9,8,17.0,1.0,-10.66,682,0.395,177,0.32799999999999996,487,0.645,413,1214,359,190,119,469,659,66.7,0.43799999999999994,0.313,0.48700000000000004,51.7,52.6,8.8,10.4,0.447,18.4,35.0,0.282
Jacksonville State,10,7,1,12,7.0,11.0,-4.22,727,0.435,181,0.364,453,0.732,328,1026,455,202,142,415,560,68.1,0.371,0.298,0.532,49.1,62.6,9.8,12.1,0.49,17.4,31.8,0.271
Jacksonville,8,3,10,10,14.0,6.0,-2.3,803,0.419,176,0.33299999999999996,522,0.706,480,1230,393,279,137,481,654,69.0,0.386,0.276,0.508,52.3,48.9,12.2,11.4,0.465,17.5,38.7,0.273
James Madison,9,5,2,13,4.0,14.0,-1.52,796,0.44,189,0.312,429,0.6829999999999999,353,1149,462,204,140,477,532,67.8,0.34700000000000003,0.33399999999999996,0.524,49.1,58.0,9.1,10.1,0.49200000000000005,18.5,31.7,0.237
Kansas State,13,3,7,2,11.0,5.0,10.28,981,0.45,253,0.36,734,0.6679999999999999,559,1437,541,274,187,529,828,71.2,0.503,0.322,0.545,52.9,55.1,10.3,13.2,0.508,16.4,40.4,0.336
Kansas,18,0,9,2,15.0,1.0,8.25,1033,0.489,262,0.40399999999999997,609,0.6990000000000001,468,1457,609,301,232,470,658,69.4,0.413,0.307,0.5820000000000001,54.6,59.0,12.0,16.0,0.551,15.7,38.4,0.28800000000000003
Kennesaw State,8,6,3,12,7.0,13.0,-3.69,784,0.40700000000000003,235,0.32899999999999996,379,0.68,450,1166,417,218,121,480,529,66.7,0.29,0.37200000000000005,0.498,48.5,53.2,9.8,9.3,0.469,18.0,36.5,0.19699999999999998
Kent State,14,2,9,6,13.0,3.0,0.74,839,0.43200000000000005,189,0.316,515,0.672,410,1207,437,285,91,407,631,67.1,0.39399999999999996,0.308,0.517,50.5,52.1,12.4,7.7,0.48100000000000004,15.0,33.0,0.265
Kentucky,18,0,7,2,14.0,2.0,6.82,1066,0.478,231,0.331,649,0.6679999999999999,538,1584,573,279,273,538,641,70.0,0.436,0.313,0.56,55.4,53.8,10.4,17.8,0.53,16.7,40.5,0.29100000000000004
La Salle,6,7,4,8,4.0,12.0,2.46,756,0.44,164,0.337,435,0.667,420,1167,415,187,140,471,517,69.1,0.38,0.28300000000000003,0.521,53.0,54.9,9.0,11.7,0.488,18.8,38.9,0.253
Lafayette,13,3,6,10,8.0,6.0,-8.99,775,0.45299999999999996,258,0.373,512,0.764,274,991,482,235,91,422,552,67.7,0.392,0.40399999999999997,0.5720000000000001,46.6,62.2,10.8,7.5,0.529,17.2,26.9,0.299
Lamar,13,5,1,13,5.0,11.0,-4.22,755,0.424,122,0.26899999999999996,568,0.677,449,1257,439,202,115,510,609,70.0,0.47100000000000003,0.254,0.504,53.6,58.1,9.0,8.9,0.45799999999999996,19.0,38.1,0.319
Lehigh,15,2,7,8,10.0,4.0,-7.79,842,0.45399999999999996,220,0.39899999999999997,574,0.718,339,1201,495,203,85,429,589,70.0,0.431,0.297,0.555,50.9,58.8,8.7,6.7,0.514,16.1,29.8,0.31
Liberty,8,6,5,9,10.0,8.0,-7.25,727,0.439,171,0.335,468,0.7,333,1141,383,205,91,483,567,68.6,0.40399999999999997,0.308,0.53,51.4,52.7,9.6,8.1,0.491,19.7,31.8,0.28300000000000003
Lipscomb,9,5,8,7,14.0,6.0,-3.07,826,0.465,243,0.364,478,0.705,385,1105,519,201,76,439,520,70.8,0.381,0.375,0.565,52.0,62.8,9.4,6.5,0.5329999999999999,17.3,36.0,0.26899999999999996
Cal State Long Beach,8,3,6,10,8.0,8.0,1.55,828,0.433,202,0.33,486,0.652,395,1176,440,256,89,473,591,70.2,0.39,0.321,0.517,48.7,53.1,10.9,6.8,0.486,17.3,32.1,0.254
Long Island University,10,3,4,13,11.0,7.0,-8.25,721,0.4,230,0.348,490,0.691,426,1210,335,180,122,437,551,68.2,0.39299999999999996,0.36700000000000005,0.505,51.2,46.5,8.3,9.9,0.46399999999999997,17.0,35.3,0.272
Longwood,9,3,3,14,0.0,0.0,-3.74,859,0.43799999999999994,217,0.34299999999999997,362,0.653,388,1091,524,221,69,475,652,74.6,0.282,0.322,0.516,47.9,61.0,9.6,5.2,0.493,17.6,32.0,0.184
Louisiana,10,4,3,12,10.0,8.0,-4.74,743,0.44799999999999995,168,0.322,389,0.68,311,958,351,207,133,391,610,67.0,0.345,0.314,0.53,47.9,47.2,10.3,12.2,0.499,16.9,31.1,0.235
Louisiana-Monroe,8,6,3,12,6.0,12.0,-5.3,683,0.42100000000000004,194,0.353,548,0.7240000000000001,370,1039,298,216,91,503,627,68.0,0.467,0.33899999999999997,0.532,51.3,43.6,10.2,8.2,0.48100000000000004,20.3,35.9,0.33799999999999997
Louisiana State,11,7,0,9,2.0,14.0,5.93,690,0.4,141,0.287,384,0.696,394,1114,354,189,116,397,547,64.0,0.32,0.284,0.479,50.7,51.3,9.5,10.7,0.44,16.6,35.3,0.222
Louisiana Tech,12,2,9,8,9.0,7.0,-0.4,917,0.451,202,0.33799999999999997,521,0.6859999999999999,441,1294,417,235,116,462,562,68.6,0.374,0.294,0.534,51.7,45.5,9.7,8.3,0.5,16.2,35.2,0.256
Louisville,15,4,4,7,11.0,7.0,7.99,876,0.447,262,0.337,491,0.701,478,1217,511,258,135,453,663,67.9,0.35700000000000004,0.396,0.546,51.3,58.3,11.4,10.9,0.514,16.5,39.8,0.251
Loyola (IL),9,6,5,10,5.0,13.0,0.56,673,0.42100000000000004,194,0.361,405,0.688,364,1072,393,149,98,415,523,64.1,0.369,0.336,0.518,51.9,58.4,7.7,9.0,0.48200000000000004,18.1,35.4,0.253
Loyola Marymount,9,6,6,8,7.0,7.0,1.32,910,0.455,201,0.376,557,0.69,416,1210,472,255,141,441,655,70.4,0.40399999999999997,0.267,0.541,49.6,51.9,10.6,10.1,0.506,15.6,34.2,0.27899999999999997
Loyola (MD),6,7,7,9,6.0,12.0,-4.09,673,0.42,164,0.35700000000000004,439,0.6990000000000001,353,1053,343,193,132,450,606,66.3,0.392,0.287,0.513,50.0,51.0,9.7,11.2,0.47200000000000003,19.2,34.7,0.27399999999999997
Maine,9,3,10,7,11.0,5.0,-6.26,650,0.40700000000000003,196,0.337,435,0.6859999999999999,337,1089,397,219,97,431,471,66.2,0.397,0.365,0.509,50.5,61.1,11.0,9.1,0.469,18.5,31.9,0.273
Manhattan,6,8,4,12,4.0,14.0,-2.97,727,0.405,133,0.307,444,0.684,364,1089,307,240,114,361,603,67.6,0.361,0.24100000000000002,0.48200000000000004,47.7,42.2,11.4,10.0,0.442,14.6,30.8,0.247
Marist,1,12,0,16,1.0,17.0,-2.85,600,0.38799999999999996,204,0.35100000000000003,280,0.638,268,904,296,156,38,424,553,63.7,0.284,0.376,0.48,45.2,49.3,8.1,3.7,0.45399999999999996,19.5,26.1,0.18100000000000002
Marquette,13,4,6,5,11.0,7.0,8.23,861,0.456,274,0.413,489,0.741,343,1071,516,269,72,353,580,64.4,0.349,0.35100000000000003,0.564,49.0,59.9,12.1,5.5,0.528,13.8,31.2,0.259
Marshall,15,4,8,5,11.0,5.0,1.57,949,0.478,222,0.376,597,0.684,412,1327,549,216,268,432,613,70.6,0.44,0.298,0.5660000000000001,51.7,57.9,8.9,17.9,0.534,15.3,34.6,0.301
Maryland-Baltimore County,0,13,4,12,3.0,13.0,-6.19,684,0.413,150,0.32299999999999995,375,0.6890000000000001,251,918,332,179,90,341,564,66.5,0.32899999999999996,0.28,0.494,43.2,48.5,8.9,8.1,0.45799999999999996,15.1,23.8,0.226
Maryland-Eastern Shore,6,6,4,12,8.0,8.0,-7.38,691,0.401,161,0.305,402,0.644,398,1159,359,173,67,485,595,66.0,0.36200000000000004,0.307,0.48200000000000004,50.3,52.0,8.2,5.6,0.44799999999999995,19.4,34.2,0.233
Maryland,15,1,7,3,13.0,3.0,7.95,966,0.47100000000000003,195,0.382,502,0.7290000000000001,421,1270,545,256,154,383,554,70.2,0.336,0.249,0.552,50.4,56.4,10.9,11.0,0.518,13.9,35.6,0.245
Massachusetts,7,6,3,11,5.0,11.0,3.4,795,0.402,227,0.301,445,0.664,468,1287,380,176,124,446,652,70.3,0.33899999999999997,0.382,0.493,51.8,47.8,7.8,9.5,0.46,16.3,36.9,0.225
McNeese State,7,5,3,13,5.0,11.0,-4.34,755,0.433,183,0.349,339,0.642,407,1048,356,221,108,430,607,66.8,0.303,0.301,0.51,50.5,47.2,11.0,10.7,0.486,17.7,37.7,0.19399999999999998
Memphis,17,3,6,4,13.0,3.0,3.65,854,0.45899999999999996,284,0.38799999999999996,573,0.6940000000000001,358,1103,468,276,182,390,643,67.1,0.444,0.39399999999999996,0.57,48.3,54.8,12.1,13.8,0.536,14.8,32.1,0.308
Mercer,10,6,4,11,10.0,10.0,-1.2,836,0.44799999999999995,274,0.349,568,0.703,402,1227,446,199,85,488,617,70.7,0.433,0.42100000000000004,0.5589999999999999,51.6,53.3,8.5,6.2,0.521,17.8,35.1,0.304
Miami (FL),12,4,2,8,4.0,12.0,7.01,843,0.46299999999999997,245,0.366,459,0.6779999999999999,385,1186,461,229,146,464,573,66.9,0.37200000000000005,0.368,0.5579999999999999,52.3,54.7,10.4,12.4,0.53,17.8,35.1,0.252
Miami (OH),10,3,2,13,9.0,7.0,1.43,682,0.435,205,0.34700000000000003,427,0.727,278,1017,333,159,120,411,582,61.0,0.374,0.376,0.54,49.1,48.8,8.0,10.3,0.5,18.2,28.3,0.272
Michigan State,15,2,8,4,14.0,4.0,8.17,974,0.47100000000000003,187,0.344,523,0.685,487,1426,606,242,123,514,666,65.9,0.369,0.263,0.547,56.3,62.2,9.9,9.5,0.516,17.5,39.8,0.253
Michigan,10,6,3,8,7.0,11.0,9.37,732,0.41600000000000004,227,0.299,368,0.723,320,990,456,223,68,326,468,62.2,0.29,0.43200000000000005,0.515,47.1,62.3,11.1,5.9,0.48100000000000004,14.0,29.5,0.209
Middle Tennessee,12,4,7,8,13.0,5.0,-3.33,792,0.445,201,0.379,497,0.736,336,1097,365,199,82,436,696,66.5,0.379,0.298,0.5429999999999999,51.5,46.1,9.1,7.7,0.501,17.2,30.7,0.27899999999999997
Milwaukee,10,4,7,8,10.0,8.0,0.52,789,0.43,250,0.335,542,0.685,379,1241,423,190,79,465,629,66.8,0.431,0.40700000000000003,0.536,52.5,53.6,8.3,6.3,0.498,17.4,31.9,0.29600000000000004
Minnesota,14,3,4,7,9.0,9.0,7.32,912,0.46799999999999997,246,0.39899999999999997,463,0.7,375,1237,583,273,199,427,579,65.7,0.33899999999999997,0.317,0.56,51.2,63.9,11.7,16.4,0.531,15.9,32.9,0.23800000000000002
Mississippi State,13,4,5,6,9.0,7.0,4.6,897,0.434,329,0.358,499,0.685,379,1406,462,209,271,443,508,67.8,0.353,0.445,0.544,51.3,51.5,8.5,17.8,0.514,15.5,29.9,0.242
Mississippi Valley State,6,3,3,15,8.0,10.0,-9.88,723,0.409,203,0.321,408,0.636,365,1116,390,251,82,552,666,69.9,0.364,0.358,0.49700000000000005,48.7,53.9,11.1,7.1,0.467,21.0,31.1,0.231
Mississippi,15,4,6,4,9.0,7.0,5.77,986,0.451,286,0.359,485,0.6629999999999999,460,1377,486,259,184,424,660,70.4,0.335,0.364,0.542,51.1,49.3,10.4,13.1,0.517,14.3,34.7,0.222
Missouri-Kansas City,7,7,5,10,6.0,12.0,-4.75,685,0.42100000000000004,174,0.33799999999999997,458,0.7,307,931,345,179,51,383,624,67.1,0.401,0.316,0.516,48.6,50.4,8.9,4.9,0.474,16.5,29.6,0.281
Missouri State,19,2,4,9,8.0,10.0,1.4,895,0.449,252,0.366,530,0.732,398,1247,505,209,110,407,667,64.5,0.363,0.345,0.55,52.6,56.4,8.9,8.6,0.512,14.8,33.4,0.266
Missouri,16,2,4,6,10.0,6.0,6.36,926,0.44,258,0.368,517,0.7240000000000001,441,1200,522,371,160,432,656,71.0,0.33899999999999997,0.33299999999999996,0.5379999999999999,48.0,56.4,15.3,12.3,0.501,15.0,34.7,0.24600000000000002
Monmouth,8,6,4,11,8.0,10.0,-7.82,682,0.40399999999999997,196,0.311,416,0.685,341,1038,405,226,69,447,565,66.9,0.359,0.373,0.5,48.3,59.4,10.9,6.6,0.462,18.4,30.3,0.24600000000000002
Montana State,9,5,6,9,10.0,6.0,-2.45,689,0.445,212,0.36200000000000004,402,0.688,266,912,365,180,89,331,516,63.0,0.377,0.37799999999999995,0.546,47.0,53.0,9.5,8.7,0.514,15.3,27.8,0.26
Montana,14,2,7,7,10.0,6.0,-2.35,791,0.483,210,0.39899999999999997,436,0.723,283,1048,396,206,106,390,571,63.4,0.369,0.322,0.579,52.2,50.1,10.2,9.2,0.5479999999999999,16.9,30.6,0.267
Morehead State,15,2,7,7,15.0,3.0,-3.07,880,0.44799999999999995,258,0.384,487,0.6859999999999999,491,1301,502,314,118,521,691,66.2,0.36200000000000004,0.342,0.545,55.8,57.0,13.5,10.8,0.514,18.5,40.4,0.248
Morgan State,11,1,12,7,15.0,1.0,-6.15,960,0.429,205,0.332,688,0.7,568,1488,461,243,152,499,782,70.0,0.439,0.276,0.52,52.4,48.0,9.3,9.6,0.475,15.6,39.7,0.307
Mount St. Mary's,10,3,6,12,12.0,6.0,-6.28,714,0.42200000000000004,183,0.35,434,0.637,341,1082,352,235,143,415,543,67.1,0.402,0.309,0.507,48.5,49.3,11.2,11.3,0.47600000000000003,17.1,30.8,0.257
Murray State,15,0,11,4,17.0,1.0,-3.89,978,0.499,226,0.377,571,0.695,439,1319,556,347,196,527,618,68.0,0.419,0.305,0.586,54.7,56.9,14.2,14.2,0.556,18.3,39.7,0.29100000000000004
Navy,10,4,3,12,7.0,7.0,-7.91,709,0.408,246,0.349,474,0.713,311,993,394,209,83,443,650,72.0,0.38299999999999995,0.406,0.521,45.6,55.6,9.6,7.2,0.479,17.8,27.5,0.273
Nebraska,12,6,1,10,2.0,14.0,6.66,768,0.44,217,0.397,441,0.674,320,1069,471,223,94,416,626,64.9,0.375,0.313,0.534,49.7,61.3,10.3,8.9,0.502,16.8,29.5,0.253
Nevada-Las Vegas,15,4,9,3,11.0,5.0,4.82,899,0.461,231,0.332,456,0.716,337,1149,551,266,117,395,691,67.4,0.327,0.35600000000000004,0.552,49.5,61.3,11.5,10.2,0.52,14.9,29.3,0.23399999999999999
Nevada,15,1,5,10,11.0,5.0,2.56,983,0.48200000000000004,222,0.36200000000000004,515,0.732,374,1263,480,173,149,405,591,70.4,0.345,0.3,0.569,51.3,48.8,7.2,9.6,0.536,14.6,32.2,0.252
New Hampshire,9,4,3,12,6.0,10.0,-6.29,611,0.375,182,0.297,421,0.645,383,1084,312,142,70,395,601,64.7,0.401,0.377,0.47100000000000003,50.6,51.1,7.3,6.3,0.431,16.9,33.4,0.259
New Mexico State,12,3,7,8,11.0,5.0,1.66,919,0.46,287,0.371,537,0.7,358,1212,484,203,111,437,595,72.1,0.384,0.38799999999999996,0.564,48.6,52.7,8.3,8.0,0.532,15.6,29.9,0.26899999999999996
New Mexico,17,1,10,2,14.0,2.0,3.84,887,0.43799999999999994,273,0.369,608,0.669,458,1347,497,232,120,387,615,67.7,0.449,0.365,0.541,53.6,56.0,9.7,10.4,0.506,13.6,35.4,0.301
New Orleans,6,7,2,11,3.0,15.0,-4.5,593,0.40299999999999997,168,0.33799999999999997,424,0.6859999999999999,279,951,321,189,61,478,607,65.4,0.42,0.33799999999999997,0.504,49.2,54.1,9.6,5.8,0.46,21.3,28.4,0.28800000000000003
Niagara,8,3,6,8,9.0,9.0,-2.5,812,0.408,254,0.321,504,0.6779999999999999,429,1226,440,270,148,406,620,69.2,0.373,0.397,0.508,48.0,54.2,11.6,10.6,0.47200000000000003,14.8,33.2,0.253
Nicholls State,9,2,2,12,7.0,9.0,-2.61,667,0.436,202,0.332,431,0.691,266,815,404,258,31,398,640,64.7,0.408,0.39799999999999996,0.5379999999999999,46.2,60.6,13.1,3.3,0.502,17.9,27.8,0.282
NJIT,8,5,1,15,4.0,8.0,-8.24,665,0.37799999999999995,196,0.314,379,0.649,344,1064,376,229,96,461,615,69.1,0.332,0.355,0.46799999999999997,47.6,56.5,10.7,8.7,0.434,18.5,29.1,0.21600000000000003
Norfolk State,6,4,5,11,9.0,7.0,-6.42,778,0.46,128,0.294,435,0.636,349,1119,342,251,96,542,681,72.6,0.40399999999999997,0.258,0.525,50.1,44.0,11.3,8.0,0.498,21.2,33.5,0.257
North Carolina-Asheville,11,5,4,10,11.0,7.0,-6.47,822,0.444,169,0.303,483,0.674,405,1229,507,232,177,521,603,73.9,0.387,0.301,0.524,50.8,61.7,10.0,13.1,0.489,19.2,34.9,0.261
North Carolina A&T,7,6,3,15,6.0,10.0,-5.66,774,0.401,265,0.307,428,0.624,403,1224,410,219,164,501,570,71.1,0.355,0.447,0.496,47.7,53.0,9.3,13.2,0.469,18.2,30.9,0.222
North Carolina Central,7,4,0,16,0.0,0.0,,638,0.39399999999999996,146,0.324,326,0.672,349,913,368,237,90,485,546,68.4,0.299,0.278,0.47200000000000003,46.2,57.7,11.9,8.4,0.439,20.8,32.6,0.201
North Carolina-Greensboro,4,11,3,11,6.0,12.0,0.63,696,0.386,148,0.287,426,0.698,440,1120,286,186,97,444,593,67.7,0.33799999999999997,0.28600000000000003,0.47,50.7,41.1,8.9,8.9,0.42700000000000005,17.5,36.9,0.23600000000000002
North Carolina State,10,7,5,8,5.0,11.0,7.3,857,0.434,193,0.33299999999999996,491,0.679,411,1257,483,234,154,472,653,65.7,0.366,0.294,0.517,49.6,56.4,9.9,10.5,0.483,16.9,33.0,0.249
North Carolina-Wilmington,4,9,4,10,5.0,13.0,0.94,722,0.415,207,0.33399999999999996,400,0.645,391,1135,393,159,151,492,633,68.9,0.35600000000000004,0.35600000000000004,0.504,49.1,54.4,7.4,11.1,0.474,19.5,34.1,0.23
North Carolina,14,5,4,8,5.0,11.0,9.83,1012,0.442,176,0.32799999999999996,558,0.653,556,1552,577,250,210,562,564,72.4,0.373,0.23399999999999999,0.511,53.4,57.0,9.3,13.5,0.48,17.2,39.0,0.243
North Dakota State,6,8,5,9,8.0,10.0,-5.76,734,0.43,144,0.34,435,0.7290000000000001,320,1073,410,151,94,382,553,69.2,0.35,0.248,0.514,51.0,55.9,7.4,7.7,0.47200000000000003,16.1,30.7,0.255
North Dakota,5,9,3,10,5.0,7.0,,630,0.42100000000000004,222,0.355,459,0.6809999999999999,265,977,357,173,78,505,638,66.0,0.451,0.419,0.535,48.8,56.7,8.4,8.8,0.496,21.8,26.9,0.307
North Florida,5,7,5,10,8.0,12.0,-2.11,637,0.41600000000000004,177,0.342,379,0.63,300,978,375,184,96,481,624,64.3,0.39299999999999996,0.33799999999999997,0.504,46.7,58.9,9.2,8.3,0.474,20.9,29.2,0.248
North Texas,12,2,9,6,13.0,5.0,-4.72,798,0.457,179,0.33299999999999996,662,0.7190000000000001,364,1220,394,144,94,485,590,68.8,0.527,0.308,0.5579999999999999,52.7,49.4,6.2,6.6,0.508,18.2,33.3,0.379
Northeastern,9,4,8,6,14.0,4.0,2.21,763,0.449,174,0.341,424,0.72,312,1008,389,236,118,386,520,61.4,0.34700000000000003,0.3,0.537,47.7,51.0,11.5,9.5,0.5,16.3,30.7,0.25
Northern Arizona,8,4,6,10,8.0,8.0,-2.35,704,0.47100000000000003,171,0.369,386,0.674,257,944,454,190,95,430,550,67.7,0.384,0.311,0.556,50.7,64.5,9.8,9.0,0.528,19.6,28.8,0.258
Northern Colorado,13,2,9,4,12.0,4.0,-4.26,780,0.445,252,0.387,614,0.745,331,1096,383,239,78,416,658,67.5,0.47100000000000003,0.37200000000000005,0.5660000000000001,50.6,49.1,10.7,7.0,0.517,16.3,30.6,0.35100000000000003
Northern Illinois,7,7,3,13,6.0,10.0,-2.05,698,0.401,176,0.3,445,0.6459999999999999,423,1150,399,198,105,459,650,69.3,0.396,0.33799999999999997,0.488,51.5,57.2,9.4,9.4,0.452,18.2,35.8,0.256
Northern Iowa,14,0,9,3,15.0,3.0,4.27,747,0.429,233,0.354,489,0.758,333,1130,367,198,70,372,556,59.4,0.37,0.379,0.541,52.0,49.1,9.5,6.4,0.496,15.4,30.7,0.281
Northwestern State,7,7,3,12,5.0,11.0,-4.7,747,0.434,182,0.34700000000000003,510,0.609,384,1093,363,229,143,487,678,75.4,0.48700000000000004,0.305,0.516,47.6,48.6,10.3,11.8,0.48700000000000004,18.7,33.0,0.297
Northwestern,15,4,2,10,7.0,11.0,4.99,789,0.434,317,0.35700000000000004,456,0.7140000000000001,350,1091,565,221,133,374,651,62.8,0.35100000000000003,0.48700000000000004,0.5539999999999999,48.3,71.6,10.2,12.2,0.521,15.0,30.8,0.251
Notre Dame,17,3,3,6,10.0,8.0,6.22,918,0.47,261,0.38799999999999996,538,0.723,402,1250,585,194,104,362,530,64.0,0.381,0.345,0.5710000000000001,52.6,63.7,8.6,7.8,0.537,13.6,34.7,0.275
Oakland,13,1,10,7,17.0,1.0,-2.96,920,0.44799999999999995,206,0.322,630,0.7190000000000001,477,1344,461,236,169,485,632,70.5,0.42700000000000005,0.312,0.542,53.4,50.1,9.6,11.2,0.498,16.4,37.6,0.307
Ohio State,17,1,6,5,14.0,4.0,7.37,983,0.49200000000000005,276,0.39,498,0.696,325,1234,545,262,157,413,565,65.1,0.358,0.354,0.586,51.2,55.4,10.8,12.2,0.561,15.0,28.9,0.249
Ohio,13,4,5,9,7.0,9.0,-0.03,925,0.43,278,0.366,635,0.7190000000000001,443,1371,524,278,97,473,696,69.2,0.41,0.353,0.537,49.5,56.6,10.6,6.7,0.494,15.5,32.4,0.295
Oklahoma State,15,1,3,7,9.0,7.0,6.97,839,0.451,274,0.349,485,0.7140000000000001,327,1169,413,214,84,418,664,68.6,0.365,0.42100000000000004,0.5579999999999999,51.0,49.2,9.4,7.0,0.524,16.1,29.1,0.261
Oklahoma,11,4,1,10,4.0,12.0,7.79,766,0.43,252,0.35,451,0.7440000000000001,324,1066,391,180,84,382,505,67.9,0.34,0.405,0.54,49.2,51.0,8.5,6.9,0.501,15.6,29.5,0.253
Old Dominion,15,0,9,6,15.0,3.0,1.78,922,0.447,166,0.317,405,0.648,540,1394,554,282,105,457,560,62.9,0.303,0.254,0.512,55.8,60.1,12.4,8.6,0.488,16.2,42.4,0.19699999999999998
Oral Roberts,10,3,8,8,13.0,5.0,-3.85,826,0.44299999999999995,153,0.316,508,0.682,406,1272,396,205,149,450,595,67.6,0.39899999999999997,0.26,0.521,53.6,47.9,9.1,10.9,0.484,16.9,34.9,0.272
Oregon State,9,7,4,9,8.0,10.0,5.79,670,0.431,140,0.295,449,0.675,321,1019,365,261,63,479,528,63.6,0.42700000000000005,0.305,0.515,50.4,54.5,12.8,6.1,0.47600000000000003,20.4,32.0,0.289
Oregon,11,8,4,7,7.0,11.0,5.96,803,0.43,185,0.33899999999999997,446,0.715,395,1094,355,220,94,408,606,67.0,0.33399999999999996,0.292,0.517,51.0,44.2,10.1,8.7,0.479,15.9,35.4,0.239
Pacific,11,4,12,7,12.0,4.0,-1.19,820,0.44,226,0.344,431,0.6509999999999999,381,1215,435,192,87,393,605,62.0,0.35600000000000004,0.353,0.528,51.9,53.0,8.8,7.3,0.501,15.3,32.6,0.231
Penn State,7,9,3,8,3.0,15.0,6.32,711,0.436,208,0.34299999999999997,383,0.7070000000000001,301,1055,410,143,54,360,503,62.5,0.332,0.37200000000000005,0.5329999999999999,52.4,57.7,7.4,5.3,0.499,16.0,30.1,0.235
Pennsylvania,3,10,3,12,5.0,9.0,-3.31,596,0.414,183,0.317,376,0.7490000000000001,263,853,376,147,54,420,535,64.9,0.349,0.401,0.522,48.2,63.1,8.0,5.6,0.47700000000000004,20.0,29.1,0.261
Pepperdine,5,11,0,12,3.0,11.0,0.94,693,0.39399999999999996,194,0.341,464,0.7040000000000001,394,1122,342,152,75,423,599,66.8,0.374,0.32299999999999995,0.493,50.3,49.4,7.3,7.2,0.449,16.9,33.6,0.264
Pittsburgh,17,1,5,4,13.0,5.0,7.39,809,0.447,181,0.344,537,0.693,420,1269,536,177,139,421,594,62.6,0.428,0.29,0.536,53.6,66.3,8.1,10.4,0.49700000000000005,16.2,37.0,0.297
Portland State,8,4,5,12,7.0,9.0,-1.21,888,0.47700000000000004,258,0.374,462,0.7170000000000001,356,1019,424,201,127,431,596,69.1,0.34600000000000003,0.371,0.5760000000000001,47.9,47.7,9.0,9.8,0.546,16.6,33.1,0.248
Portland,13,2,5,7,10.0,4.0,2.04,798,0.46399999999999997,253,0.40700000000000003,457,0.735,340,1068,472,207,53,420,504,65.2,0.36200000000000004,0.36200000000000004,0.5720000000000001,52.1,59.1,9.8,5.0,0.5379999999999999,17.2,34.0,0.266
Prairie View,11,3,5,10,11.0,7.0,-12.11,682,0.396,180,0.298,386,0.614,364,1128,392,240,124,427,527,68.5,0.365,0.35100000000000003,0.47700000000000004,49.4,57.5,11.6,12.6,0.44799999999999995,17.4,31.4,0.22399999999999998
Presbyterian,3,7,1,18,2.0,16.0,,694,0.426,172,0.33,313,0.696,239,926,345,178,70,482,504,66.1,0.276,0.32,0.508,44.2,49.7,8.5,5.7,0.478,20.7,23.5,0.192
Princeton,11,3,11,6,11.0,3.0,-5.56,660,0.441,204,0.359,347,0.718,275,951,363,238,101,407,523,59.6,0.32299999999999995,0.379,0.542,51.0,55.0,12.8,9.5,0.509,19.1,29.9,0.23199999999999998
Providence,8,9,4,9,4.0,14.0,8.24,913,0.434,249,0.33,479,0.6709999999999999,535,1253,443,248,136,394,615,74.0,0.33899999999999997,0.358,0.523,51.5,48.5,10.8,9.7,0.493,13.9,41.5,0.228
Purdue,15,3,8,2,14.0,4.0,8.81,867,0.44299999999999995,187,0.318,546,0.723,351,1170,493,248,162,381,651,66.7,0.386,0.3,0.5329999999999999,48.9,56.9,10.6,12.2,0.491,14.1,29.4,0.27899999999999997
Quinnipiac,14,1,8,9,15.0,3.0,-9.37,862,0.44799999999999995,133,0.33899999999999997,558,0.721,482,1333,443,232,71,452,627,68.9,0.402,0.204,0.526,55.9,51.4,10.2,5.7,0.48200000000000004,16.5,40.8,0.29
Radford,13,3,6,8,13.0,5.0,-6.9,819,0.44299999999999995,138,0.3,441,0.593,442,1340,503,182,115,467,495,71.0,0.40299999999999997,0.249,0.504,54.6,61.4,8.2,9.2,0.48100000000000004,17.5,36.9,0.239
Rhode Island,15,2,9,6,9.0,7.0,3.33,991,0.445,235,0.33299999999999996,520,0.698,477,1258,533,294,182,394,595,68.8,0.335,0.317,0.53,48.9,53.8,11.8,11.9,0.498,13.2,35.3,0.233
Rice,7,10,1,13,1.0,15.0,1.15,703,0.40399999999999997,164,0.308,413,0.647,382,1097,369,229,82,436,615,67.4,0.36700000000000005,0.306,0.486,50.0,52.5,10.9,8.1,0.451,17.6,32.9,0.237
Richmond,14,1,7,6,13.0,3.0,3.43,868,0.447,250,0.355,441,0.7,304,1139,442,289,158,384,634,65.0,0.324,0.36200000000000004,0.541,46.2,50.9,12.4,11.9,0.511,14.6,26.0,0.22699999999999998
Rider,7,6,8,9,9.0,9.0,-1.68,811,0.424,218,0.337,455,0.688,345,1150,411,225,101,425,582,69.1,0.345,0.33799999999999997,0.515,47.9,50.7,9.8,8.1,0.48100000000000004,16.0,28.2,0.23800000000000002
Robert Morris,12,3,10,7,15.0,3.0,-6.15,815,0.436,197,0.361,572,0.6659999999999999,412,1227,433,267,80,520,757,67.6,0.46,0.292,0.527,51.1,53.1,11.2,7.2,0.489,18.6,34.6,0.306
Rutgers,13,6,1,9,5.0,13.0,5.91,767,0.424,211,0.332,415,0.6659999999999999,381,1146,438,186,227,466,517,68.1,0.344,0.35100000000000003,0.513,48.0,57.1,8.5,16.0,0.48200000000000004,18.1,33.2,0.22899999999999998
Sacramento State,5,8,4,12,3.0,13.0,-2.65,671,0.41100000000000003,176,0.34700000000000003,417,0.715,266,970,385,216,85,412,563,68.6,0.35700000000000004,0.311,0.507,46.9,57.4,10.5,7.9,0.465,17.8,25.5,0.256
Sacred Heart,9,4,4,11,7.0,11.0,-8.72,770,0.442,252,0.397,295,0.618,389,1077,426,201,101,462,550,70.3,0.27399999999999997,0.364,0.53,52.3,55.3,9.8,8.4,0.514,19.0,36.2,0.16899999999999998
Saint Francis (PA),9,5,2,14,9.0,9.0,-7.08,633,0.41600000000000004,203,0.368,406,0.732,299,922,386,174,76,476,603,65.2,0.364,0.36200000000000004,0.525,47.5,61.0,8.9,7.5,0.48200000000000004,21.0,30.4,0.267
Saint Joseph's,8,5,2,12,5.0,11.0,3.97,731,0.41200000000000003,191,0.3,488,0.71,299,1001,406,226,108,407,553,70.7,0.387,0.359,0.509,44.5,55.5,10.2,8.6,0.466,16.2,26.5,0.275
Saint Louis,18,4,5,6,11.0,5.0,2.55,826,0.439,215,0.319,416,0.619,333,1206,454,204,169,478,615,63.4,0.35700000000000004,0.358,0.519,48.5,55.0,8.7,11.4,0.496,17.8,28.0,0.221
Saint Mary's (CA),14,2,9,2,11.0,3.0,2.2,944,0.484,284,0.406,496,0.7609999999999999,370,1244,543,168,176,394,560,67.0,0.33399999999999996,0.358,0.59,53.2,57.5,7.3,11.4,0.557,14.8,34.4,0.254
Saint Peter's,7,7,9,6,11.0,7.0,-4.57,661,0.39799999999999996,152,0.317,389,0.664,428,1169,311,227,132,489,591,65.6,0.353,0.289,0.48100000000000004,52.9,47.0,11.3,12.2,0.444,20.1,38.6,0.23399999999999999
Sam Houston State,13,1,7,6,14.0,2.0,-3.37,909,0.46299999999999997,287,0.37,511,0.703,410,1247,673,257,85,442,661,70.6,0.37,0.395,0.5670000000000001,53.0,74.0,11.0,7.0,0.536,16.1,34.9,0.26
Samford,7,7,4,10,5.0,13.0,-2.54,620,0.45399999999999996,247,0.355,302,0.667,192,867,405,162,53,399,443,57.8,0.332,0.51,0.5660000000000001,46.9,65.3,9.0,6.0,0.545,20.2,23.2,0.221
San Diego State,14,1,9,7,11.0,5.0,4.21,875,0.474,179,0.317,460,0.621,444,1257,458,251,156,453,552,63.9,0.401,0.306,0.5429999999999999,54.8,52.3,11.4,13.0,0.522,17.1,40.2,0.249
San Diego,5,9,3,8,3.0,11.0,1.98,680,0.41200000000000003,220,0.35700000000000004,416,0.7120000000000001,298,972,367,213,96,429,585,63.8,0.354,0.373,0.517,47.8,54.0,10.4,8.8,0.478,18.2,28.3,0.252
San Francisco,9,4,3,10,7.0,7.0,2.82,723,0.447,171,0.354,499,0.6859999999999999,329,1076,369,161,59,441,544,68.1,0.449,0.299,0.539,52.7,51.0,7.7,5.1,0.5,18.3,32.3,0.308
San Jose State,10,4,4,12,6.0,10.0,0.83,796,0.455,202,0.397,495,0.728,358,1090,416,145,81,392,521,67.7,0.389,0.29100000000000004,0.5529999999999999,50.3,52.3,6.9,6.3,0.513,15.9,34.6,0.28300000000000003
Santa Clara,6,12,5,8,3.0,11.0,1.66,696,0.41100000000000003,149,0.299,508,0.684,376,1091,316,232,121,493,634,67.3,0.439,0.294,0.501,50.0,45.4,10.7,10.5,0.455,19.4,33.9,0.3
Savannah State,8,3,2,11,0.0,0.0,-5.75,564,0.424,112,0.303,288,0.65,292,852,303,194,74,418,476,64.2,0.33299999999999996,0.278,0.496,51.4,53.7,11.6,7.9,0.467,21.4,34.4,0.217
Seattle,10,3,6,10,0.0,0.0,,881,0.44299999999999995,164,0.33299999999999996,563,0.6459999999999999,465,1244,376,288,59,549,727,79.9,0.439,0.248,0.518,52.7,42.7,11.6,4.6,0.485,18.6,36.6,0.28300000000000003
Seton Hall,13,5,5,6,9.0,9.0,5.78,938,0.445,209,0.33299999999999996,478,0.682,456,1240,487,236,168,342,602,71.6,0.33299999999999996,0.298,0.525,49.3,51.9,10.1,11.9,0.495,12.3,36.0,0.22699999999999998
Siena,17,0,9,5,17.0,1.0,-1.17,930,0.45399999999999996,160,0.321,534,0.6729999999999999,442,1310,486,298,119,418,471,70.0,0.387,0.243,0.527,52.9,52.3,12.4,8.5,0.493,14.7,35.5,0.261
South Alabama,9,6,6,8,8.0,10.0,-3.82,739,0.41700000000000004,160,0.345,486,0.7090000000000001,395,1163,374,193,114,462,588,66.7,0.387,0.262,0.507,50.2,50.6,8.9,9.7,0.462,18.1,34.6,0.27399999999999997
South Carolina State,10,3,6,10,10.0,6.0,-8.65,784,0.444,162,0.306,494,0.732,367,1110,423,224,92,497,602,68.8,0.382,0.3,0.5329999999999999,50.4,54.0,10.1,7.7,0.49,19.2,34.4,0.28
South Carolina Upstate,3,9,3,14,6.0,14.0,,616,0.406,158,0.335,351,0.6509999999999999,331,1011,365,202,141,481,528,66.3,0.355,0.311,0.49,48.1,59.3,10.5,12.9,0.45799999999999996,21.3,32.5,0.231
South Carolina,11,5,2,9,6.0,10.0,7.29,820,0.418,216,0.32,371,0.65,411,1078,306,269,188,382,549,70.7,0.29100000000000004,0.344,0.499,46.6,37.3,12.3,14.5,0.473,14.6,33.1,0.18899999999999997
South Dakota State,9,5,5,7,10.0,8.0,-5.05,721,0.42200000000000004,212,0.369,573,0.745,363,1061,351,166,67,364,554,68.8,0.45,0.336,0.537,50.1,48.7,8.0,5.4,0.484,14.9,33.2,0.335
South Dakota,12,2,6,7,11.0,1.0,,886,0.475,244,0.374,527,0.664,297,1210,536,222,163,463,447,75.1,0.426,0.35,0.5670000000000001,49.3,60.5,9.2,10.6,0.54,17.1,26.3,0.28300000000000003
South Florida,11,5,4,6,9.0,9.0,7.21,775,0.441,133,0.28300000000000003,543,0.682,384,1170,392,205,117,415,563,65.0,0.45299999999999996,0.268,0.521,50.6,50.6,9.5,8.8,0.479,16.3,34.3,0.309
Southeast Missouri State,4,10,2,12,3.0,15.0,-3.06,662,0.408,175,0.35100000000000003,428,0.652,334,1026,335,178,73,465,654,68.0,0.405,0.307,0.499,48.4,50.6,8.6,6.7,0.462,19.4,30.4,0.264
Southeastern Louisiana,14,1,4,9,10.0,6.0,-6.21,795,0.47700000000000004,209,0.38799999999999996,456,0.7040000000000001,288,1042,442,231,178,460,614,68.5,0.389,0.32299999999999995,0.5710000000000001,48.6,55.6,10.8,13.9,0.54,18.9,29.9,0.27399999999999997
Southern California,11,5,2,9,8.0,10.0,6.47,662,0.42700000000000005,107,0.297,358,0.6509999999999999,331,1047,282,171,132,434,531,63.0,0.355,0.23199999999999998,0.494,52.7,42.6,9.0,12.2,0.461,19.3,34.2,0.231
SIU Edwardsville,2,9,2,14,0.0,0.0,,612,0.391,168,0.315,347,0.7020000000000001,258,914,337,146,69,409,555,69.8,0.316,0.341,0.483,45.2,55.1,7.5,6.0,0.445,18.5,25.0,0.222
Southern Illinois,10,5,3,9,6.0,12.0,1.27,740,0.45799999999999996,204,0.36200000000000004,420,0.691,300,978,411,192,83,405,629,66.3,0.377,0.349,0.5529999999999999,50.4,55.5,9.6,8.0,0.522,17.5,30.4,0.26
Southern Methodist,10,7,4,6,7.0,9.0,3.78,710,0.457,183,0.35100000000000003,450,0.7,315,1032,333,176,76,425,518,63.2,0.414,0.335,0.552,53.0,46.9,9.0,7.6,0.516,18.6,33.5,0.29
Southern Mississippi,11,3,6,8,8.0,8.0,2.25,758,0.41600000000000004,155,0.324,529,0.722,444,1285,326,179,121,432,614,63.7,0.40299999999999997,0.262,0.507,55.1,43.0,8.3,11.3,0.45899999999999996,16.6,37.8,0.29
Southern Utah,6,8,0,13,3.0,15.0,-4.75,660,0.441,130,0.353,411,0.726,294,1012,340,165,112,528,585,68.3,0.37799999999999995,0.24600000000000002,0.527,50.8,51.5,8.2,10.1,0.484,23.0,32.1,0.27399999999999997
Southern,4,8,1,14,3.0,15.0,-10.96,647,0.386,140,0.273,368,0.597,330,1025,363,177,114,489,502,70.7,0.368,0.306,0.45799999999999996,45.0,56.1,8.3,9.2,0.428,19.9,28.4,0.22
St. Bonaventure,10,4,3,10,7.0,9.0,1.96,803,0.46299999999999997,161,0.34,406,0.6609999999999999,349,1099,458,180,119,446,598,68.7,0.354,0.273,0.536,51.2,57.0,8.5,10.0,0.51,18.0,33.4,0.23399999999999999
St. Francis (NY),5,8,6,10,8.0,10.0,-8.42,610,0.4,190,0.312,343,0.615,324,944,344,232,87,449,545,65.2,0.366,0.39899999999999997,0.49,48.0,56.4,12.1,9.3,0.462,20.1,31.4,0.225
St. John's (NY),10,8,4,8,6.0,12.0,8.7,817,0.424,190,0.335,397,0.652,432,1219,432,222,124,409,607,65.4,0.316,0.295,0.508,51.8,52.9,10.1,9.7,0.473,15.6,35.5,0.20600000000000002
Stanford,10,6,2,10,7.0,11.0,6.5,779,0.434,210,0.354,444,0.664,337,1081,419,172,54,388,561,67.5,0.37200000000000005,0.331,0.523,49.1,53.8,7.9,4.4,0.49200000000000005,15.5,29.7,0.247
Stephen F. Austin,13,2,6,6,11.0,5.0,-6.9,779,0.457,135,0.35200000000000004,433,0.7090000000000001,378,1085,429,216,69,413,565,63.1,0.359,0.225,0.5329999999999999,53.7,55.1,10.7,6.3,0.49700000000000005,17.2,37.2,0.254
Stetson,5,9,2,13,5.0,15.0,-2.14,614,0.38799999999999996,200,0.309,316,0.611,294,898,323,186,74,423,566,67.2,0.327,0.41,0.47700000000000004,45.0,52.6,9.5,6.9,0.452,18.8,27.4,0.2
Stony Brook,12,2,9,7,13.0,3.0,-7.64,776,0.43,194,0.353,459,0.6920000000000001,373,1164,371,229,62,404,571,66.9,0.368,0.305,0.52,51.9,47.8,10.7,5.8,0.484,16.0,32.9,0.254
Syracuse,17,2,8,1,15.0,3.0,7.21,1042,0.516,244,0.391,504,0.677,417,1337,673,336,221,532,515,71.0,0.369,0.309,0.596,53.0,64.6,13.5,17.2,0.5760000000000001,18.3,37.1,0.249
Temple,14,2,12,3,14.0,2.0,4.27,851,0.43799999999999994,204,0.337,367,0.6890000000000001,377,1281,515,163,104,358,521,61.9,0.27399999999999997,0.312,0.518,52.8,60.5,7.5,8.1,0.491,14.0,32.1,0.18899999999999997
Tennessee-Martin,4,9,0,16,1.0,17.0,-2.06,639,0.381,151,0.311,431,0.6709999999999999,381,1041,313,205,97,454,558,70.7,0.38299999999999995,0.289,0.469,48.9,49.0,10.0,8.6,0.426,18.6,33.4,0.257
Tennessee State,5,6,3,16,6.0,12.0,-2.69,750,0.40700000000000003,258,0.37200000000000005,396,0.705,392,1063,397,254,76,511,631,68.5,0.305,0.376,0.51,48.1,52.9,11.4,6.5,0.47700000000000004,19.5,33.1,0.215
Tennessee Tech,9,5,6,11,8.0,10.0,-2.51,845,0.469,186,0.38299999999999995,499,0.693,383,1105,423,201,75,481,696,68.2,0.4,0.27,0.5539999999999999,49.9,50.1,9.0,6.3,0.521,18.3,35.3,0.27699999999999997
Tennessee,15,1,5,5,11.0,5.0,7.75,991,0.456,218,0.32,520,0.6709999999999999,441,1353,530,290,136,490,733,69.8,0.35600000000000004,0.313,0.535,50.8,53.5,11.2,10.8,0.506,16.2,33.5,0.239
Texas A&M-Corpus Christi,10,2,5,11,10.0,6.0,-2.83,770,0.45799999999999996,164,0.308,480,0.664,389,1161,422,250,122,556,584,67.5,0.43,0.317,0.539,53.8,54.8,11.5,11.0,0.507,21.5,37.4,0.28600000000000003
Texas A&M,15,1,5,5,11.0,5.0,9.8,813,0.44,210,0.335,590,0.6609999999999999,400,1252,417,223,113,417,619,66.7,0.483,0.33899999999999997,0.534,51.9,51.3,9.8,9.1,0.49700000000000005,15.5,33.3,0.32
Texas-Arlington,11,5,4,7,8.0,8.0,-3.97,745,0.428,196,0.332,530,0.688,367,1082,364,208,108,452,705,72.1,0.44299999999999995,0.34,0.526,47.5,48.9,9.5,9.3,0.485,17.7,32.2,0.305
Texas Christian,9,8,3,10,5.0,11.0,4.15,759,0.445,248,0.35200000000000004,403,0.7,297,1021,441,169,61,449,612,66.0,0.337,0.41200000000000003,0.5479999999999999,49.0,58.1,7.9,5.4,0.517,18.5,28.4,0.23600000000000002
Texas-El Paso,15,2,8,2,15.0,1.0,1.96,891,0.474,201,0.34299999999999997,501,0.6729999999999999,323,1193,488,288,120,435,643,69.8,0.396,0.312,0.556,50.5,54.8,12.4,10.2,0.528,16.3,28.9,0.267
Texas-Rio Grande Valley,3,7,2,18,4.0,8.0,-4.47,693,0.389,211,0.315,422,0.644,292,1005,379,218,48,473,668,68.1,0.368,0.376,0.483,44.0,54.7,9.6,3.8,0.44799999999999995,18.4,24.1,0.237
Texas-San Antonio,11,3,6,7,9.0,7.0,-5.44,740,0.44,190,0.363,451,0.7609999999999999,342,1029,352,199,50,347,499,65.2,0.35200000000000004,0.311,0.54,51.5,47.6,10.1,4.9,0.496,15.0,33.9,0.268
Texas Southern,8,3,5,11,11.0,7.0,-11.38,822,0.466,140,0.304,457,0.633,362,1104,402,341,122,574,690,69.6,0.409,0.261,0.532,50.2,48.9,14.7,10.6,0.505,21.4,33.3,0.259
Texas State,11,3,4,10,9.0,7.0,-3.3,793,0.41700000000000004,214,0.332,592,0.6679999999999999,466,1226,449,285,96,556,773,75.7,0.466,0.33899999999999997,0.515,51.5,56.6,11.9,8.0,0.473,19.3,36.7,0.311
Texas Tech,14,5,4,10,4.0,12.0,8.47,922,0.43799999999999994,196,0.371,644,0.715,422,1298,502,239,153,481,748,72.6,0.428,0.251,0.53,48.8,54.4,9.2,10.4,0.485,16.0,32.1,0.306
Texas,15,2,5,6,9.0,7.0,7.38,1005,0.466,195,0.345,556,0.633,503,1425,489,269,194,464,670,73.6,0.40700000000000003,0.262,0.536,53.8,48.7,10.6,13.0,0.511,15.3,38.9,0.258
Toledo,4,11,0,15,1.0,15.0,-0.77,645,0.41,168,0.33399999999999996,276,0.627,278,984,346,137,59,464,562,61.4,0.28,0.32,0.48700000000000004,47.5,53.6,6.9,5.2,0.46399999999999997,20.7,27.3,0.17600000000000002
Towson,6,9,3,11,6.0,12.0,-0.75,751,0.418,196,0.34700000000000003,426,0.6679999999999999,370,1063,391,195,151,396,524,68.2,0.355,0.315,0.506,46.2,52.1,9.1,11.4,0.473,15.9,32.1,0.237
Troy,10,2,6,10,13.0,5.0,-2.31,932,0.47100000000000003,240,0.366,363,0.6509999999999999,374,1192,421,229,115,402,531,68.7,0.282,0.331,0.55,50.0,45.2,10.1,9.2,0.532,15.2,32.3,0.184
Tulane,5,10,2,9,3.0,13.0,1.5,636,0.397,168,0.324,424,0.693,316,925,328,231,84,412,610,65.9,0.382,0.32299999999999995,0.49200000000000005,45.8,51.6,11.6,7.6,0.449,17.9,29.6,0.265
Tulsa,18,2,5,7,10.0,6.0,2.84,852,0.455,173,0.354,623,0.7070000000000001,396,1336,438,156,195,461,617,67.1,0.47100000000000003,0.261,0.546,54.1,51.4,6.6,13.3,0.502,16.8,33.9,0.33299999999999996
UCLA,10,6,3,7,8.0,10.0,7.86,784,0.47100000000000003,186,0.325,385,0.632,305,1018,489,206,135,460,512,65.1,0.366,0.344,0.547,49.5,62.4,9.7,11.5,0.526,19.0,30.4,0.231
Utah State,17,1,8,5,14.0,2.0,1.23,941,0.488,242,0.414,435,0.758,362,1238,584,162,123,358,562,62.5,0.298,0.303,0.581,54.6,62.1,7.4,9.8,0.551,14.0,33.8,0.226
Utah Valley,11,4,0,12,5.0,7.0,-9.25,650,0.413,178,0.355,428,0.748,288,994,362,184,64,403,531,65.0,0.363,0.319,0.516,49.8,55.7,9.4,5.9,0.469,17.9,28.6,0.272
Utah,9,8,4,8,7.0,9.0,4.16,692,0.428,185,0.319,490,0.748,284,1052,361,172,186,423,639,66.2,0.405,0.358,0.534,49.3,52.2,8.3,14.2,0.485,18.0,27.9,0.303
Valparaiso,9,4,5,12,10.0,8.0,0.34,823,0.467,245,0.368,453,0.7120000000000001,328,1037,479,227,71,439,644,68.2,0.361,0.377,0.5670000000000001,49.1,58.2,10.4,6.2,0.536,17.5,31.7,0.257
Vanderbilt,14,2,7,3,12.0,4.0,7.86,859,0.47,203,0.368,616,0.721,361,1197,436,188,171,448,632,69.9,0.467,0.302,0.568,50.3,50.8,8.1,12.5,0.525,16.7,33.1,0.337
Vermont,10,2,12,6,12.0,4.0,-6.69,826,0.43799999999999994,166,0.317,639,0.687,433,1291,423,239,141,487,635,67.5,0.494,0.278,0.528,51.9,51.2,10.1,10.2,0.48200000000000004,17.3,36.3,0.33899999999999997
Villanova,12,2,6,4,13.0,5.0,7.75,899,0.45799999999999996,252,0.373,650,0.755,441,1272,448,259,133,452,731,71.9,0.439,0.345,0.569,53.2,49.8,10.8,11.7,0.522,16.0,37.7,0.331
Virginia Commonwealth,20,2,7,7,11.0,7.0,0.64,979,0.462,253,0.366,526,0.7040000000000001,462,1331,536,318,148,443,626,67.8,0.353,0.326,0.5539999999999999,51.5,54.7,12.9,9.7,0.522,15.2,36.6,0.248
VMI,8,6,2,13,5.0,13.0,-7.21,883,0.41700000000000004,335,0.327,468,0.6809999999999999,384,1075,422,301,144,426,594,85.5,0.324,0.484,0.525,42.9,47.8,12.1,9.0,0.496,14.8,28.4,0.221
Virginia Tech,17,2,6,6,10.0,6.0,5.13,851,0.42700000000000005,157,0.307,614,0.7170000000000001,443,1278,414,237,158,419,637,68.5,0.429,0.256,0.515,50.9,48.6,10.0,11.8,0.466,14.9,35.6,0.308
Virginia,11,6,2,8,5.0,11.0,6.93,733,0.426,177,0.349,386,0.748,318,1053,403,190,81,333,510,63.6,0.3,0.295,0.516,50.4,55.0,9.6,6.9,0.478,14.5,30.1,0.22399999999999998
Wagner,2,11,2,14,3.0,15.0,-8.78,659,0.40299999999999997,228,0.344,287,0.62,328,1002,369,194,105,518,571,67.6,0.28300000000000003,0.406,0.494,46.6,56.0,9.5,9.2,0.473,21.8,30.3,0.17600000000000002
Wake Forest,13,2,5,7,9.0,7.0,8.85,811,0.434,134,0.308,501,0.657,463,1306,369,221,162,471,624,70.4,0.408,0.233,0.506,53.0,45.5,9.9,12.7,0.47,17.4,38.8,0.268
Washington State,8,5,4,9,6.0,12.0,4.65,753,0.449,175,0.349,548,0.705,371,1073,397,190,140,431,540,66.8,0.46299999999999997,0.299,0.545,51.5,52.7,9.0,12.5,0.501,17.4,35.6,0.327
Washington,17,2,4,6,11.0,7.0,7.49,1004,0.45399999999999996,191,0.336,652,0.72,476,1364,515,264,151,460,766,72.8,0.409,0.257,0.54,52.5,51.3,10.0,10.2,0.49700000000000005,14.8,36.9,0.295
Weber State,13,2,5,9,13.0,3.0,-1.04,787,0.445,250,0.35600000000000004,537,0.7290000000000001,362,1116,401,200,93,387,607,68.5,0.41700000000000004,0.39799999999999996,0.557,52.0,51.0,9.3,8.1,0.516,15.4,33.2,0.304
West Virginia,12,2,7,4,13.0,5.0,10.26,942,0.43,257,0.337,611,0.7040000000000001,585,1467,589,213,155,451,686,64.0,0.396,0.348,0.529,54.5,62.5,8.6,11.4,0.489,14.8,42.0,0.27899999999999997
Western Carolina,14,2,7,9,11.0,7.0,-2.91,907,0.449,274,0.364,437,0.6409999999999999,441,1197,459,321,99,472,757,70.1,0.337,0.37200000000000005,0.5379999999999999,50.3,50.6,13.5,9.2,0.516,16.7,34.9,0.21600000000000003
Western Illinois,8,7,5,9,6.0,12.0,-5.84,609,0.409,153,0.35,400,0.68,274,968,317,198,128,383,555,62.4,0.395,0.293,0.501,48.4,52.1,10.5,11.7,0.46,17.8,27.8,0.26899999999999996
Western Kentucky,12,4,5,8,12.0,6.0,-2.18,862,0.45399999999999996,225,0.33899999999999997,473,0.7040000000000001,393,1192,432,218,100,441,580,65.8,0.354,0.349,0.546,51.8,50.1,9.6,7.7,0.513,16.6,34.3,0.249
Western Michigan,12,3,3,10,8.0,8.0,-1.17,778,0.429,190,0.322,541,0.732,423,1214,413,231,89,449,623,66.6,0.408,0.325,0.528,52.5,53.1,10.5,7.1,0.48200000000000004,17.2,37.2,0.298
Wichita State,17,1,5,7,12.0,6.0,1.73,837,0.447,228,0.35700000000000004,525,0.746,393,1208,498,237,104,458,691,64.6,0.376,0.341,0.55,53.8,59.5,10.4,8.7,0.508,17.2,34.7,0.28
William & Mary,10,3,10,7,12.0,6.0,1.63,735,0.424,295,0.35100000000000003,448,0.7,335,1134,463,177,84,357,536,61.4,0.37,0.486,0.5429999999999999,49.6,63.0,8.6,7.3,0.51,14.9,30.7,0.259
Winston-Salem,8,5,4,10,0.0,0.0,,648,0.39899999999999997,149,0.29600000000000004,361,0.5870000000000001,393,1066,330,195,97,503,546,69.8,0.379,0.31,0.47100000000000003,49.4,50.9,9.6,8.7,0.445,20.8,35.4,0.222
Winthrop,12,2,6,11,12.0,6.0,-7.31,735,0.38,124,0.248,448,0.644,450,1276,346,283,135,402,622,66.7,0.36,0.259,0.451,51.0,47.1,12.8,11.8,0.41200000000000003,15.1,34.1,0.23199999999999998
Wisconsin,16,1,5,5,13.0,5.0,7.66,776,0.44299999999999995,246,0.35700000000000004,416,0.732,320,1056,412,187,113,289,537,59.8,0.325,0.39399999999999996,0.5479999999999999,51.3,53.1,9.4,9.5,0.514,12.5,30.2,0.23800000000000002
Wofford,11,1,10,6,15.0,3.0,-2.57,825,0.44,203,0.35,555,0.669,402,1243,469,242,74,416,621,65.1,0.44299999999999995,0.31,0.531,52.2,56.8,10.6,5.8,0.495,15.5,33.6,0.29600000000000004
Wright State,12,1,5,11,12.0,6.0,0.16,750,0.44299999999999995,240,0.366,423,0.733,324,964,433,190,63,375,605,62.9,0.341,0.38799999999999996,0.55,49.7,57.7,9.4,6.3,0.514,16.0,31.6,0.25
Wyoming,9,9,0,11,3.0,13.0,3.63,734,0.43799999999999994,140,0.267,582,0.674,313,1047,346,241,132,479,634,72.1,0.516,0.314,0.525,48.1,47.1,10.7,11.4,0.48,18.7,29.0,0.348
Xavier,15,0,7,5,14.0,2.0,5.94,961,0.462,250,0.377,621,0.711,444,1415,494,235,132,452,662,69.7,0.419,0.319,0.5589999999999999,53.5,51.4,9.3,8.9,0.522,15.3,35.2,0.298
Yale,6,6,4,10,6.0,8.0,-5.6,711,0.42100000000000004,138,0.29600000000000004,507,0.7240000000000001,359,1086,387,212,134,442,572,67.6,0.415,0.276,0.512,50.2,54.4,10.1,11.0,0.462,18.0,33.1,0.301
Youngstown State,6,9,2,13,2.0,16.0,0.4,697,0.42100000000000004,153,0.319,455,0.684,338,986,390,181,110,401,611,67.5,0.402,0.289,0.508,49.7,56.0,8.9,10.4,0.467,16.9,32.4,0.275
