Team,FG,FG%,3P,3P%,FT,FT%,ORB,TRB,AST,STL,BLK,TOV,PF,Pace,OR,FTAR,3PAR,TS%,TRB%,AST%,STL%,BLK%,eFG%,TOV%,ORB%,FT/FGA
Abilene Christian,770,0.43799999999999994,214,0.326,525,0.7070000000000001,313,1107,370,205,91,512,556,71.5,98.8,0.42200000000000004,0.374,0.54,50.3,48.1,8.9,7.5,0.499,19.5,28.5,0.298
Air Force,781,0.46299999999999997,288,0.397,394,0.7120000000000001,274,1069,447,174,106,436,582,67.7,106.5,0.32799999999999996,0.431,0.5760000000000001,51.3,57.2,8.3,10.6,0.5489999999999999,18.3,27.8,0.23399999999999999
Akron,828,0.461,257,0.35700000000000004,498,0.723,298,1106,423,202,114,410,554,69.0,107.9,0.38299999999999995,0.401,0.5670000000000001,50.8,51.1,9.0,11.7,0.532,16.2,28.0,0.27699999999999997
Alabama A&M,881,0.478,228,0.38299999999999995,377,0.687,340,1126,460,237,151,353,528,68.2,111.5,0.298,0.32299999999999995,0.562,51.8,52.2,11.2,13.8,0.54,14.4,32.4,0.204
Alabama-Birmingham,827,0.424,292,0.342,357,0.696,301,1035,440,232,100,414,555,69.4,99.7,0.263,0.43700000000000006,0.524,45.2,53.2,10.0,7.7,0.498,15.9,24.6,0.183
Alabama State,813,0.45299999999999996,238,0.377,573,0.685,392,1232,418,207,119,401,590,70.5,111.0,0.466,0.35200000000000004,0.556,52.1,51.4,9.4,9.9,0.519,15.5,34.7,0.319
Alabama,877,0.41600000000000004,262,0.32799999999999996,527,0.685,414,1277,427,237,134,473,718,70.2,100.6,0.365,0.379,0.514,49.7,48.7,9.4,10.5,0.478,16.0,30.8,0.25
Albany (NY),807,0.446,215,0.32899999999999996,353,0.7020000000000001,261,965,433,176,135,368,634,67.3,101.3,0.278,0.36200000000000004,0.5329999999999999,44.8,53.7,8.2,10.1,0.506,15.2,24.3,0.195
Alcorn State,809,0.433,266,0.34700000000000003,504,0.7040000000000001,363,1179,466,201,99,419,557,70.4,105.5,0.384,0.41,0.541,51.6,57.6,8.9,8.8,0.505,16.0,31.2,0.27
American,776,0.48700000000000004,199,0.38299999999999995,464,0.7140000000000001,282,1059,412,208,108,413,499,67.3,109.3,0.408,0.325,0.5820000000000001,54.9,53.1,10.3,11.9,0.5489999999999999,17.8,31.0,0.29100000000000004
Appalachian State,854,0.43700000000000006,232,0.36200000000000004,508,0.721,304,1177,406,219,104,430,686,72.0,101.6,0.361,0.32799999999999996,0.535,47.7,47.5,9.1,9.3,0.49700000000000005,15.8,25.2,0.26
Arizona State,841,0.43799999999999994,262,0.342,451,0.718,357,1171,479,172,111,474,688,72.2,102.8,0.327,0.39899999999999997,0.54,51.0,57.0,7.4,9.8,0.507,17.6,30.6,0.235
Arizona,890,0.435,261,0.358,468,0.7340000000000001,310,1018,443,214,92,406,686,68.6,103.0,0.312,0.35600000000000004,0.534,44.4,49.8,8.8,6.8,0.499,14.7,25.1,0.22899999999999998
Little Rock,754,0.43200000000000005,269,0.353,465,0.677,336,1130,436,173,115,436,529,66.6,103.7,0.39399999999999996,0.436,0.541,50.9,57.8,8.0,10.2,0.509,17.4,30.5,0.267
Arkansas-Pine Bluff,831,0.433,227,0.32899999999999996,610,0.711,445,1327,489,274,68,531,609,68.4,103.7,0.447,0.36,0.537,56.4,58.8,11.4,5.7,0.49200000000000005,18.6,37.4,0.318
Arkansas State,911,0.49200000000000005,245,0.382,456,0.711,318,1133,471,182,113,437,593,70.4,111.0,0.34600000000000003,0.34700000000000003,0.585,51.4,51.7,8.0,9.3,0.5579999999999999,16.8,30.8,0.24600000000000002
Arkansas,872,0.43,301,0.35700000000000004,602,0.727,394,1264,477,167,125,490,680,71.3,105.0,0.408,0.41600000000000004,0.547,51.1,54.7,6.6,8.7,0.504,16.8,31.5,0.297
Army,757,0.44299999999999995,251,0.359,458,0.716,281,1092,406,200,108,427,467,71.7,103.0,0.374,0.409,0.552,50.4,53.6,9.3,10.1,0.516,17.5,26.7,0.268
Auburn,838,0.42700000000000005,273,0.35100000000000003,539,0.722,341,1207,439,207,111,516,700,73.4,99.6,0.381,0.396,0.537,48.3,52.4,8.3,9.3,0.49700000000000005,18.2,27.9,0.275
Austin Peay,845,0.46399999999999997,240,0.363,516,0.716,309,1107,408,200,130,549,720,70.1,101.9,0.396,0.363,0.565,47.8,48.3,8.3,9.2,0.53,20.2,28.8,0.28300000000000003
Ball State,841,0.425,258,0.361,422,0.728,335,1160,419,222,113,384,608,71.1,102.6,0.293,0.36200000000000004,0.524,48.9,49.8,9.6,9.7,0.491,14.6,27.3,0.213
Baylor,836,0.415,261,0.337,436,0.716,367,1091,499,197,142,400,613,68.5,100.6,0.302,0.384,0.514,45.8,59.7,8.4,10.2,0.479,14.8,29.2,0.21600000000000003
Belmont,836,0.43,228,0.335,384,0.737,302,1068,380,202,90,382,572,68.5,101.0,0.268,0.35,0.521,48.5,45.5,8.9,10.6,0.489,14.8,25.7,0.198
Bethune-Cookman,883,0.425,231,0.33,546,0.7,396,1239,488,213,114,444,674,77.7,101.5,0.375,0.337,0.519,47.9,55.3,8.5,8.9,0.48,15.3,30.0,0.263
Binghamton,780,0.446,235,0.381,386,0.708,278,1085,430,177,83,372,495,67.9,103.2,0.311,0.35200000000000004,0.5429999999999999,50.4,55.1,8.4,7.5,0.513,15.6,26.2,0.221
Boise State,794,0.42700000000000005,223,0.327,399,0.7240000000000001,203,972,407,194,98,380,568,70.7,96.2,0.29600000000000004,0.366,0.521,44.1,51.3,8.4,9.0,0.48700000000000004,15.2,18.2,0.215
Boston College,938,0.445,309,0.361,425,0.7440000000000001,336,1212,483,197,108,435,614,70.1,105.2,0.271,0.405,0.5479999999999999,48.4,51.5,7.9,8.5,0.518,15.5,26.7,0.20199999999999999
Boston University,793,0.45,252,0.354,388,0.728,303,1041,411,198,93,427,541,68.7,104.5,0.302,0.40399999999999997,0.552,49.9,51.8,9.3,8.3,0.522,17.5,29.0,0.22
Bowling Green State,893,0.45799999999999996,261,0.368,443,0.721,302,1168,457,200,114,404,653,71.9,106.2,0.315,0.364,0.556,48.8,51.2,8.5,9.0,0.525,15.3,26.1,0.22699999999999998
Bradley,716,0.405,243,0.33,461,0.735,326,1094,430,209,87,447,627,66.3,97.7,0.355,0.41700000000000004,0.517,48.2,60.1,9.6,7.4,0.474,17.8,28.5,0.261
Brigham Young,878,0.449,251,0.336,365,0.6559999999999999,263,1100,454,212,101,444,639,67.9,98.7,0.284,0.382,0.534,49.0,51.7,8.8,8.0,0.513,16.7,22.5,0.187
Brown,741,0.47600000000000003,205,0.368,446,0.7070000000000001,247,959,366,182,126,388,562,72.7,106.7,0.405,0.358,0.574,49.3,49.4,9.1,12.1,0.541,17.3,26.7,0.28600000000000003
Bryant,921,0.493,308,0.405,432,0.701,354,1236,500,202,132,394,528,71.0,116.9,0.33,0.40700000000000003,0.598,55.3,54.3,9.1,11.7,0.5760000000000001,15.4,34.0,0.231
Bucknell,911,0.426,224,0.331,513,0.695,360,1240,448,231,116,438,742,72.4,99.5,0.345,0.317,0.514,49.2,49.2,9.0,9.3,0.478,15.0,27.4,0.24
Buffalo,936,0.43,239,0.32799999999999996,631,0.7340000000000001,389,1313,415,207,135,496,657,73.9,102.0,0.395,0.33399999999999996,0.53,48.6,44.3,7.7,9.7,0.484,16.1,28.9,0.29
Butler,877,0.449,274,0.373,512,0.743,278,1137,440,179,120,484,586,69.6,102.1,0.353,0.376,0.557,48.7,50.2,7.2,8.9,0.519,17.5,24.1,0.262
Cal Poly,816,0.456,228,0.384,442,0.745,307,1143,448,182,111,347,491,66.6,108.8,0.331,0.332,0.556,52.5,54.9,8.6,10.4,0.52,14.3,29.2,0.247
Cal State Bakersfield,679,0.425,244,0.35200000000000004,466,0.7020000000000001,291,1009,392,180,82,407,576,67.4,102.2,0.41600000000000004,0.434,0.541,48.6,57.7,8.9,7.8,0.502,17.5,28.6,0.292
Cal State Fullerton,768,0.413,220,0.34600000000000003,489,0.7559999999999999,320,1074,396,180,114,413,627,69.9,99.5,0.348,0.341,0.518,48.9,51.6,8.0,9.3,0.47200000000000003,16.0,27.5,0.263
Cal State Northridge,801,0.46399999999999997,194,0.35700000000000004,410,0.723,323,1104,428,176,110,333,487,66.5,109.3,0.32899999999999996,0.315,0.5529999999999999,54.0,53.4,8.7,9.4,0.52,14.3,31.8,0.23800000000000002
UC-Davis,768,0.425,221,0.324,484,0.736,330,1134,419,207,113,506,664,67.3,97.9,0.364,0.37799999999999995,0.529,51.6,54.6,9.0,9.3,0.486,19.3,29.3,0.268
UC-Irvine,781,0.389,229,0.32799999999999996,559,0.696,332,1180,398,190,96,367,605,68.5,97.3,0.4,0.348,0.49200000000000005,45.0,51.0,7.9,6.8,0.446,13.3,24.5,0.27899999999999997
UC-Riverside,735,0.414,233,0.33,460,0.6940000000000001,351,1195,409,209,104,432,586,69.8,99.6,0.373,0.39799999999999996,0.517,52.3,55.6,9.6,8.8,0.479,17.1,31.1,0.259
UC-Santa Barbara,803,0.431,228,0.345,377,0.701,296,1081,443,116,81,368,567,68.1,101.1,0.289,0.355,0.522,47.9,55.2,5.3,6.7,0.49200000000000005,14.8,25.8,0.20199999999999999
University of California,852,0.47100000000000003,282,0.39899999999999997,497,0.721,316,1116,514,193,128,443,631,70.6,109.6,0.381,0.391,0.5820000000000001,49.5,60.3,8.5,9.3,0.55,17.2,30.7,0.275
Campbell,861,0.445,235,0.33899999999999997,455,0.7190000000000001,308,1151,425,209,92,427,574,68.6,102.6,0.327,0.359,0.54,51.5,49.4,8.9,8.7,0.506,16.0,26.5,0.235
Canisius,818,0.44799999999999995,207,0.321,503,0.733,334,1121,386,174,84,500,571,69.9,101.4,0.376,0.353,0.545,50.5,47.2,7.5,7.9,0.505,18.9,30.4,0.276
Central Arkansas,975,0.447,252,0.36,564,0.6759999999999999,445,1405,500,251,107,509,688,74.3,104.5,0.382,0.321,0.536,52.5,51.3,9.5,7.9,0.504,16.5,32.8,0.258
Central Connecticut State,816,0.439,276,0.364,392,0.7,319,1029,425,218,78,360,562,66.3,106.3,0.301,0.408,0.541,47.7,52.1,10.1,6.8,0.513,14.5,28.3,0.21100000000000002
Central Florida,718,0.401,201,0.331,338,0.721,321,1085,401,202,122,394,624,64.9,94.7,0.262,0.34,0.491,49.5,55.8,9.7,11.2,0.457,16.4,28.6,0.18899999999999997
Central Michigan,966,0.445,318,0.348,411,0.725,378,1269,490,202,130,465,652,69.1,105.1,0.261,0.42,0.545,49.3,50.7,8.0,11.3,0.518,16.0,29.6,0.18899999999999997
Charleston Southern,714,0.434,284,0.38299999999999995,421,0.753,273,1021,410,184,98,484,518,67.5,100.3,0.34,0.451,0.5589999999999999,48.8,57.4,8.7,8.4,0.521,20.2,27.3,0.256
Charlotte,842,0.478,231,0.37,402,0.71,289,1044,412,222,103,370,551,72.2,110.2,0.321,0.355,0.57,51.3,48.9,10.6,9.6,0.5429999999999999,15.4,28.6,0.228
Chattanooga,902,0.48,228,0.35100000000000003,392,0.747,283,1105,442,236,115,430,640,67.4,107.0,0.27899999999999997,0.345,0.569,50.8,49.0,10.4,11.2,0.54,16.8,27.0,0.209
Chicago State,949,0.49700000000000005,295,0.397,563,0.706,363,1250,583,208,145,454,607,74.0,116.4,0.418,0.389,0.603,54.5,61.4,8.8,10.7,0.575,16.6,33.5,0.295
Cincinnati,739,0.374,231,0.309,362,0.684,361,1127,361,179,106,514,654,66.1,87.0,0.268,0.37799999999999995,0.465,44.4,48.8,7.5,7.8,0.433,18.8,27.9,0.183
Citadel,1020,0.48,331,0.363,448,0.7240000000000001,393,1382,617,246,135,542,595,79.6,109.8,0.292,0.43,0.583,53.9,60.5,9.6,13.3,0.5579999999999999,18.3,32.8,0.21100000000000002
Clemson,826,0.406,268,0.35200000000000004,387,0.701,332,1172,401,199,126,413,617,67.5,96.9,0.272,0.374,0.503,48.3,48.5,8.4,10.6,0.47200000000000003,15.2,26.0,0.19
Cleveland State,936,0.456,289,0.355,452,0.7140000000000001,390,1335,528,184,115,490,588,69.2,107.1,0.308,0.396,0.555,55.7,56.4,7.5,10.4,0.527,17.2,33.0,0.22
Coastal Carolina,736,0.405,276,0.341,493,0.725,315,1053,419,224,69,384,620,69.0,100.8,0.374,0.445,0.523,45.8,56.9,10.1,6.0,0.48,15.2,26.9,0.271
Colgate,831,0.45299999999999996,270,0.36700000000000005,383,0.737,285,1128,437,169,101,431,560,67.5,104.0,0.28300000000000003,0.4,0.556,51.0,52.6,7.6,9.7,0.526,17.1,26.7,0.209
College of Charleston,824,0.43200000000000005,239,0.344,444,0.738,321,1149,410,140,110,403,617,65.9,102.1,0.316,0.364,0.531,50.4,49.8,6.1,9.3,0.495,15.5,27.6,0.233
Colorado State,879,0.45799999999999996,302,0.359,477,0.705,321,1166,503,199,82,406,621,71.4,109.7,0.353,0.439,0.5660000000000001,49.3,57.2,8.6,6.5,0.537,15.3,28.0,0.249
Colorado,808,0.423,265,0.35700000000000004,456,0.703,312,1091,370,235,128,339,594,69.5,103.9,0.34,0.389,0.527,47.6,45.8,10.4,11.0,0.493,13.3,26.3,0.239
Columbia,723,0.45,269,0.376,370,0.733,275,1000,405,163,72,354,432,71.0,107.8,0.314,0.445,0.564,51.0,56.0,8.4,7.6,0.5329999999999999,16.1,28.6,0.23
Connecticut,804,0.433,288,0.364,444,0.706,371,1176,440,163,97,400,543,67.1,107.2,0.33899999999999997,0.426,0.5429999999999999,51.8,54.7,7.5,8.3,0.511,15.7,32.8,0.239
Coppin State,810,0.42700000000000005,247,0.337,517,0.725,379,1332,449,181,102,404,494,69.1,105.7,0.376,0.386,0.5329999999999999,55.2,55.4,8.0,10.7,0.49200000000000005,15.3,31.9,0.273
Cornell,809,0.45299999999999996,258,0.389,374,0.725,316,1042,407,186,101,320,529,70.7,110.7,0.289,0.371,0.5539999999999999,52.0,50.3,9.2,10.4,0.525,13.6,30.2,0.21
Creighton,907,0.433,261,0.332,369,0.721,303,1160,460,200,99,387,529,72.8,100.9,0.245,0.375,0.523,49.0,50.7,8.3,8.8,0.496,14.2,24.0,0.17600000000000002
Dartmouth,724,0.466,220,0.349,302,0.782,233,901,378,167,78,337,458,67.8,107.2,0.249,0.40700000000000003,0.568,51.5,52.2,9.1,8.7,0.537,16.3,26.7,0.195
Davidson,802,0.439,266,0.35,370,0.685,258,1042,417,158,83,352,525,65.3,102.8,0.29600000000000004,0.41700000000000004,0.5379999999999999,49.2,52.0,7.3,8.6,0.512,14.5,23.3,0.203
Dayton,824,0.47,262,0.38299999999999995,367,0.715,277,980,457,186,74,388,540,67.0,108.0,0.292,0.39,0.57,50.3,55.5,8.8,7.9,0.544,16.3,27.6,0.209
Delaware State,846,0.46399999999999997,313,0.385,454,0.703,367,1146,478,240,106,410,488,66.9,113.1,0.355,0.446,0.5770000000000001,51.8,56.5,11.0,8.9,0.55,16.1,33.6,0.249
Delaware,869,0.455,274,0.37,416,0.725,297,1139,453,176,99,338,605,67.0,109.0,0.301,0.38799999999999996,0.556,49.8,52.1,7.9,7.6,0.527,13.4,26.2,0.218
Denver,746,0.434,250,0.335,447,0.723,250,929,330,199,87,335,554,68.7,104.4,0.36,0.434,0.544,45.6,44.2,9.5,7.4,0.507,14.3,23.9,0.26
DePaul,787,0.44,286,0.371,429,0.742,303,1083,463,219,93,447,557,71.2,103.3,0.32299999999999995,0.431,0.555,48.3,58.8,9.9,7.2,0.52,17.8,28.1,0.24
Detroit Mercy,959,0.48200000000000004,298,0.397,527,0.7090000000000001,356,1230,525,210,140,434,582,75.4,113.3,0.374,0.37799999999999995,0.586,52.5,54.7,8.7,11.5,0.557,15.6,31.4,0.265
Drake,937,0.451,264,0.337,357,0.708,322,1235,509,203,122,413,590,69.3,103.6,0.243,0.37799999999999995,0.539,51.6,54.3,8.4,10.4,0.515,15.1,26.8,0.172
Drexel,948,0.462,246,0.366,449,0.706,371,1204,472,217,108,374,605,70.1,110.3,0.31,0.327,0.55,50.1,49.8,9.2,8.3,0.521,13.7,30.9,0.21899999999999997
Duke,957,0.405,279,0.32,383,0.728,432,1216,537,210,97,453,671,70.6,97.9,0.223,0.368,0.493,44.5,56.1,8.0,6.7,0.46399999999999997,14.8,29.7,0.162
Duquesne,803,0.45299999999999996,192,0.335,447,0.693,309,1094,451,171,95,401,560,66.5,103.1,0.364,0.324,0.54,48.8,56.2,7.9,8.4,0.508,16.2,28.9,0.252
East Carolina,818,0.452,225,0.353,385,0.685,350,1108,476,199,102,360,482,68.8,107.5,0.311,0.35200000000000004,0.542,52.1,58.2,9.5,9.1,0.515,14.8,32.5,0.213
East Tennessee State,778,0.40299999999999997,250,0.319,435,0.6990000000000001,352,1128,375,207,108,500,599,69.7,94.6,0.322,0.406,0.504,47.1,48.2,8.7,8.7,0.46799999999999997,18.4,27.8,0.226
Eastern Illinois,740,0.436,246,0.38299999999999995,394,0.715,308,1070,416,194,99,410,517,66.4,102.6,0.325,0.379,0.541,50.1,56.2,9.4,9.0,0.509,17.3,29.6,0.23199999999999998
Eastern Kentucky,849,0.47100000000000003,256,0.391,417,0.674,327,1106,475,217,106,412,556,69.8,109.1,0.344,0.363,0.5660000000000001,52.0,55.9,10.0,9.3,0.542,16.4,31.1,0.23199999999999998
Eastern Michigan,814,0.40399999999999997,278,0.35100000000000003,433,0.723,411,1244,516,240,107,506,591,67.5,97.9,0.298,0.39299999999999996,0.509,50.3,63.4,10.0,8.2,0.473,18.0,32.0,0.215
Eastern Washington,884,0.446,241,0.358,511,0.7190000000000001,289,1181,464,192,77,413,594,69.2,103.3,0.359,0.33899999999999997,0.5429999999999999,50.4,52.5,7.9,6.5,0.507,15.1,24.2,0.258
Elon,892,0.43799999999999994,332,0.368,321,0.701,341,1224,420,208,95,327,498,68.0,108.6,0.225,0.442,0.54,51.8,47.1,9.3,10.0,0.519,12.7,27.9,0.158
Evansville,712,0.42,246,0.33799999999999997,375,0.688,278,1025,400,229,136,437,594,65.7,96.8,0.321,0.429,0.523,49.2,56.2,10.8,11.3,0.49200000000000005,18.3,25.5,0.221
Fairfield,886,0.455,271,0.39299999999999996,506,0.7070000000000001,317,1243,422,198,91,457,597,72.1,105.1,0.368,0.355,0.557,51.7,47.6,8.2,8.2,0.525,16.7,26.9,0.26
Fairleigh Dickinson,812,0.439,250,0.355,476,0.745,382,1144,454,207,89,451,564,71.8,105.6,0.345,0.381,0.545,51.7,55.9,9.3,7.1,0.506,17.3,34.4,0.257
Florida A&M,963,0.475,243,0.349,515,0.708,426,1329,475,213,111,458,593,69.5,111.6,0.359,0.344,0.5660000000000001,54.8,49.3,8.9,8.1,0.535,16.2,36.3,0.254
Florida Atlantic,788,0.431,192,0.32899999999999996,404,0.693,303,1167,371,201,89,393,466,70.9,98.4,0.319,0.32,0.516,49.4,47.1,9.1,6.5,0.484,15.7,26.6,0.221
Florida Gulf Coast,884,0.423,267,0.326,480,0.674,358,1151,452,245,96,494,620,73.3,98.0,0.34,0.391,0.517,46.2,51.1,9.5,6.8,0.486,16.9,27.0,0.22899999999999998
Florida International,799,0.434,240,0.33899999999999997,440,0.684,321,1257,431,155,112,467,563,69.8,99.6,0.349,0.385,0.531,52.2,53.9,6.8,8.8,0.499,17.9,27.9,0.239
Florida State,887,0.41700000000000004,285,0.355,492,0.7140000000000001,383,1228,432,204,104,494,658,72.2,99.6,0.324,0.377,0.519,48.2,48.7,8.0,7.7,0.484,16.7,29.3,0.231
Florida,832,0.428,229,0.35200000000000004,460,0.731,362,1273,394,150,105,468,607,68.4,100.0,0.32299999999999995,0.33399999999999996,0.524,51.5,47.4,6.4,8.5,0.486,17.3,30.3,0.23600000000000002
Fordham,806,0.46399999999999997,205,0.35100000000000003,362,0.6859999999999999,334,1193,496,179,100,440,455,66.8,104.4,0.304,0.336,0.5479999999999999,57.4,61.5,8.6,11.2,0.523,18.1,32.8,0.20800000000000002
Fresno State,749,0.434,220,0.366,483,0.7340000000000001,254,1001,378,158,96,432,646,68.5,99.2,0.381,0.348,0.54,48.1,50.5,7.1,7.6,0.498,17.5,24.4,0.28
Furman,825,0.433,224,0.316,386,0.7020000000000001,319,1152,402,178,105,489,539,70.5,96.7,0.289,0.37200000000000005,0.522,49.9,48.7,7.6,9.9,0.49200000000000005,18.4,27.5,0.203
Gardner-Webb,798,0.434,256,0.34,455,0.7120000000000001,295,1109,465,223,108,404,486,69.1,102.8,0.34700000000000003,0.409,0.5379999999999999,49.3,58.3,9.9,9.2,0.504,15.9,26.0,0.247
George Mason,899,0.451,278,0.353,421,0.6859999999999999,322,1173,465,210,141,376,584,69.6,106.8,0.308,0.395,0.546,49.2,51.7,9.0,11.3,0.521,14.1,26.7,0.21100000000000002
George Washington,857,0.45299999999999996,229,0.35700000000000004,376,0.7070000000000001,330,1084,441,215,81,374,527,66.3,106.1,0.281,0.34,0.541,49.2,51.5,9.8,6.2,0.514,14.9,30.0,0.19899999999999998
Georgetown,821,0.439,259,0.348,393,0.743,289,1009,459,213,103,377,570,71.6,103.7,0.28300000000000003,0.39799999999999996,0.541,46.7,55.9,9.6,9.0,0.508,15.1,26.0,0.21
Georgia Southern,816,0.426,245,0.32299999999999995,438,0.6629999999999999,383,1272,394,140,121,486,677,70.5,99.1,0.345,0.396,0.519,50.5,48.3,6.0,10.0,0.49,17.9,31.1,0.22899999999999998
Georgia State,771,0.39299999999999996,307,0.341,507,0.6970000000000001,416,1296,457,174,117,501,577,67.9,98.1,0.37,0.45899999999999996,0.51,52.3,59.3,7.2,9.8,0.47100000000000003,17.8,32.3,0.258
Georgia Tech,768,0.429,227,0.379,407,0.715,331,1082,457,203,104,403,543,66.5,101.7,0.318,0.33399999999999996,0.527,50.0,59.5,9.5,8.1,0.49200000000000005,16.4,30.6,0.22699999999999998
Georgia,778,0.39399999999999996,247,0.332,399,0.7290000000000001,363,1124,347,195,103,318,665,65.3,100.6,0.27699999999999997,0.376,0.493,46.4,44.6,8.9,8.6,0.456,12.5,28.9,0.20199999999999999
Gonzaga,890,0.409,272,0.35,453,0.716,316,1160,411,190,101,455,681,69.7,95.8,0.29100000000000004,0.35700000000000004,0.505,44.0,46.2,7.3,7.4,0.47100000000000003,15.5,22.9,0.20800000000000002
Grambling,792,0.435,209,0.318,528,0.679,357,1160,398,202,143,465,649,73.8,100.6,0.42700000000000005,0.361,0.53,49.3,50.3,8.8,10.3,0.493,17.5,30.5,0.29
Grand Canyon,767,0.402,161,0.278,518,0.706,357,1238,328,203,81,511,746,70.3,91.9,0.385,0.304,0.491,48.6,42.8,8.4,6.7,0.445,18.5,28.3,0.272
Green Bay,899,0.431,253,0.312,448,0.71,372,1307,450,229,143,450,623,74.1,101.4,0.302,0.389,0.524,51.3,50.1,9.3,11.8,0.491,15.9,29.1,0.215
Hampton,913,0.42,258,0.32799999999999996,519,0.682,409,1323,454,196,121,438,643,75.0,101.3,0.35,0.361,0.513,49.1,49.7,7.6,7.8,0.479,14.7,29.3,0.239
Hartford,820,0.439,262,0.342,416,0.669,322,1149,453,194,98,407,561,67.7,103.4,0.33299999999999996,0.41,0.535,51.1,55.2,8.7,9.3,0.509,15.8,28.1,0.223
Harvard,725,0.42200000000000004,233,0.342,446,0.736,250,1030,395,214,79,405,545,66.5,98.1,0.353,0.397,0.531,48.0,54.5,9.9,7.6,0.49,16.8,23.1,0.26
Hawaii,714,0.441,196,0.332,447,0.722,232,965,299,187,87,423,638,68.9,98.9,0.38299999999999995,0.365,0.542,49.2,41.9,8.9,8.6,0.502,18.1,24.1,0.276
High Point,674,0.426,210,0.344,435,0.7340000000000001,283,976,330,190,132,441,512,67.1,98.6,0.375,0.386,0.535,48.4,49.0,9.4,10.7,0.493,19.1,28.4,0.275
Hofstra,874,0.47700000000000004,237,0.363,412,0.703,282,1042,432,185,90,362,608,70.3,109.6,0.32,0.35700000000000004,0.568,48.6,49.4,8.5,7.7,0.542,14.6,27.0,0.225
Holy Cross,713,0.431,260,0.354,413,0.736,330,1074,425,196,66,399,469,63.7,105.4,0.33899999999999997,0.445,0.547,55.0,59.6,9.8,7.0,0.51,17.2,32.0,0.25
Houston Baptist,912,0.48100000000000004,271,0.39399999999999996,522,0.76,313,1177,509,200,164,456,627,75.5,110.9,0.363,0.363,0.589,49.1,55.8,8.5,11.9,0.5529999999999999,17.0,29.7,0.275
Houston,744,0.39399999999999996,231,0.32299999999999995,552,0.703,320,1126,386,175,92,457,648,68.5,94.7,0.41600000000000004,0.379,0.502,45.4,51.9,7.3,7.1,0.455,16.8,25.3,0.293
Howard,931,0.467,251,0.349,541,0.7,424,1313,518,186,104,465,646,71.3,110.7,0.38799999999999996,0.361,0.562,53.2,55.6,7.8,8.5,0.53,16.5,35.2,0.272
Idaho State,816,0.456,208,0.33799999999999997,392,0.706,286,1041,353,177,86,358,587,70.8,105.0,0.31,0.344,0.544,52.0,43.3,8.3,8.6,0.514,14.9,27.4,0.21899999999999997
Idaho,746,0.419,261,0.34600000000000003,381,0.7120000000000001,264,939,365,164,68,342,572,68.0,100.9,0.3,0.423,0.524,45.2,48.9,7.8,6.4,0.49200000000000005,14.4,24.2,0.214
Illinois-Chicago,919,0.406,245,0.32,514,0.691,420,1335,543,258,139,465,673,73.6,97.7,0.32799999999999996,0.33799999999999997,0.496,49.1,59.1,9.7,9.8,0.46,15.1,29.3,0.22699999999999998
Illinois State,828,0.426,240,0.311,522,0.7070000000000001,382,1288,470,213,104,426,589,69.3,103.3,0.38,0.397,0.527,52.4,56.8,9.1,10.1,0.488,15.7,30.9,0.26899999999999996
Illinois,788,0.47200000000000003,200,0.344,586,0.731,295,1063,410,203,150,543,654,70.8,103.1,0.48100000000000004,0.349,0.5760000000000001,50.2,52.0,8.9,12.1,0.532,20.9,31.1,0.35100000000000003
Incarnate Word,775,0.444,212,0.363,401,0.71,365,1076,378,210,114,385,552,72.5,106.5,0.324,0.33399999999999996,0.537,52.4,48.8,10.3,10.6,0.505,16.0,34.4,0.23
Indiana State,760,0.44299999999999995,225,0.355,508,0.72,253,1074,384,209,121,439,591,70.1,100.9,0.41200000000000003,0.369,0.55,48.9,50.5,9.4,11.5,0.509,17.6,24.0,0.29600000000000004
Indiana,773,0.441,235,0.36700000000000005,397,0.7040000000000001,315,1055,404,201,124,417,587,67.5,102.8,0.322,0.365,0.539,49.0,52.3,9.5,10.6,0.508,17.1,29.5,0.22699999999999998
Iona,969,0.461,267,0.358,397,0.659,379,1280,505,172,95,464,577,71.5,105.1,0.28600000000000003,0.354,0.545,52.8,52.1,6.9,7.7,0.525,16.3,30.7,0.18899999999999997
Iowa State,856,0.442,261,0.33899999999999997,366,0.713,353,1158,445,185,107,356,553,69.6,107.6,0.265,0.397,0.537,50.5,52.0,8.5,8.8,0.51,14.0,30.7,0.18899999999999997
Iowa,953,0.462,284,0.376,407,0.703,338,1092,537,232,97,365,645,71.0,110.0,0.281,0.366,0.556,46.5,56.3,9.8,7.4,0.531,13.5,28.0,0.19699999999999998
Purdue-Fort Wayne,924,0.462,266,0.354,421,0.741,286,1176,431,174,73,500,582,74.6,102.6,0.284,0.376,0.5589999999999999,50.4,46.6,7.0,6.4,0.529,18.1,25.4,0.21100000000000002
IUPUI,759,0.47,211,0.34700000000000003,451,0.737,275,1022,408,224,127,441,524,68.7,105.3,0.379,0.377,0.5720000000000001,50.0,53.8,10.8,11.3,0.536,18.8,28.9,0.27899999999999997
Jackson State,719,0.45,205,0.34700000000000003,518,0.7040000000000001,311,1202,380,152,102,474,508,65.4,102.0,0.46,0.37,0.555,52.5,52.9,7.2,8.5,0.514,19.6,31.2,0.324
Jacksonville State,821,0.40700000000000003,275,0.32899999999999996,452,0.7040000000000001,336,1169,417,228,93,473,627,67.8,96.3,0.318,0.415,0.51,46.0,50.8,9.3,6.5,0.475,16.9,25.9,0.22399999999999998
Jacksonville,907,0.444,247,0.313,421,0.737,342,1219,442,224,119,465,582,72.4,102.0,0.27899999999999997,0.387,0.536,50.8,48.7,9.2,8.5,0.504,16.7,28.7,0.20600000000000002
James Madison,811,0.45,260,0.366,532,0.7140000000000001,309,1158,458,186,107,426,603,69.4,106.2,0.413,0.39399999999999996,0.5589999999999999,50.2,56.5,8.2,8.6,0.522,16.5,28.2,0.295
Kansas State,842,0.425,261,0.33,533,0.732,386,1259,459,208,91,533,673,66.6,100.3,0.368,0.39899999999999997,0.5329999999999999,52.6,54.5,8.4,7.1,0.491,18.6,31.7,0.26899999999999996
Kansas,1031,0.426,315,0.33299999999999996,424,0.713,453,1371,500,216,138,501,656,70.2,102.0,0.24600000000000002,0.391,0.519,49.7,48.5,7.9,9.9,0.491,15.6,31.0,0.175
Kennesaw State,862,0.478,200,0.326,404,0.7140000000000001,327,1057,443,190,86,402,518,71.4,108.2,0.314,0.34,0.562,51.7,51.4,8.8,6.5,0.534,16.3,32.5,0.22399999999999998
Kent State,892,0.446,248,0.337,470,0.716,352,1194,468,190,106,438,632,70.3,104.0,0.32799999999999996,0.368,0.542,49.5,52.5,7.9,8.4,0.509,15.9,29.8,0.235
Kentucky,905,0.40399999999999997,287,0.301,502,0.6920000000000001,437,1240,472,212,134,436,761,69.8,100.3,0.32299999999999995,0.426,0.502,46.4,52.2,8.2,8.5,0.46799999999999997,14.4,30.6,0.22399999999999998
La Salle,839,0.452,241,0.381,441,0.703,281,1136,376,201,94,397,554,69.0,104.0,0.337,0.341,0.547,50.3,44.8,8.9,7.9,0.516,15.6,25.3,0.237
Lafayette,856,0.45399999999999996,247,0.345,348,0.6990000000000001,301,1088,391,184,94,318,543,68.9,107.6,0.264,0.38,0.5429999999999999,51.5,45.7,8.6,9.4,0.519,13.0,26.9,0.185
Lamar,809,0.447,215,0.342,463,0.6920000000000001,306,1179,433,185,127,553,658,71.1,96.4,0.37,0.348,0.54,48.6,53.5,7.8,10.0,0.507,20.6,27.2,0.256
Lehigh,828,0.44799999999999995,281,0.345,396,0.703,291,1079,476,193,100,356,459,71.0,106.9,0.304,0.441,0.551,50.1,57.5,8.8,8.9,0.524,14.4,26.6,0.214
Liberty,790,0.41600000000000004,316,0.366,457,0.73,237,1096,431,218,89,454,636,64.1,97.2,0.33,0.455,0.536,46.9,54.6,9.0,7.8,0.499,17.1,19.7,0.24100000000000002
Lipscomb,898,0.449,249,0.341,519,0.691,292,1169,444,233,144,511,712,77.0,99.4,0.375,0.365,0.544,47.8,49.4,9.0,11.7,0.511,17.8,23.9,0.259
Cal State Long Beach,955,0.46799999999999997,255,0.365,421,0.754,347,1137,498,253,110,449,664,72.3,107.6,0.27399999999999997,0.34299999999999997,0.561,48.8,52.1,10.5,8.1,0.531,16.3,29.9,0.20600000000000002
Long Island University,973,0.44,242,0.326,486,0.6920000000000001,401,1275,458,232,91,423,714,72.9,104.5,0.318,0.336,0.526,49.0,47.1,9.1,7.3,0.495,14.3,29.5,0.22
Longwood,856,0.442,263,0.327,470,0.723,363,1244,428,256,97,419,552,69.7,106.3,0.335,0.415,0.544,53.8,50.0,11.1,9.0,0.51,15.7,31.0,0.243
Louisiana,849,0.434,212,0.336,498,0.691,329,1099,367,197,105,506,637,72.7,97.1,0.368,0.322,0.523,45.3,43.2,7.9,8.2,0.488,18.0,27.0,0.254
Louisiana-Monroe,771,0.429,266,0.344,379,0.7070000000000001,310,1108,463,165,125,422,464,67.0,101.2,0.298,0.431,0.5329999999999999,50.7,60.1,7.6,11.8,0.503,17.1,28.4,0.21100000000000002
Louisiana State,875,0.455,277,0.353,436,0.696,361,1130,418,186,113,450,593,69.4,107.1,0.326,0.408,0.555,50.6,47.8,8.1,9.8,0.527,16.9,31.5,0.22699999999999998
Louisiana Tech,838,0.441,230,0.36200000000000004,425,0.708,330,1155,438,185,113,427,605,69.1,101.7,0.316,0.33399999999999996,0.5329999999999999,50.4,52.3,8.1,10.2,0.502,16.3,28.6,0.22399999999999998
Louisville,913,0.413,249,0.32899999999999996,456,0.706,438,1331,404,217,115,482,609,69.7,99.5,0.293,0.34299999999999997,0.504,50.3,44.2,8.5,8.3,0.47,16.1,31.4,0.207
Loyola (IL),877,0.414,254,0.32299999999999995,369,0.706,335,1158,439,252,119,484,627,65.9,94.9,0.247,0.371,0.502,48.7,50.1,10.1,9.4,0.474,17.0,25.4,0.174
Loyola Marymount,817,0.49700000000000005,238,0.38,497,0.723,277,996,501,187,147,416,557,67.8,111.8,0.418,0.381,0.601,49.6,61.3,8.8,11.9,0.569,17.4,30.3,0.302
Loyola (MD),805,0.47,226,0.36,490,0.727,265,1064,404,188,152,414,559,69.7,106.4,0.39299999999999996,0.366,0.5720000000000001,49.7,50.2,8.6,11.6,0.536,16.9,26.3,0.28600000000000003
Maine,833,0.44,255,0.33799999999999997,487,0.711,348,1236,444,236,112,434,526,71.6,103.9,0.36200000000000004,0.39899999999999997,0.542,52.2,53.3,10.2,9.9,0.507,16.4,29.7,0.257
Manhattan,735,0.43700000000000006,214,0.345,491,0.713,335,1045,435,241,69,458,637,67.5,102.3,0.41,0.369,0.542,50.4,59.2,11.3,6.5,0.501,18.6,32.0,0.292
Marist,896,0.45299999999999996,287,0.369,436,0.74,342,1139,472,227,93,332,570,71.5,111.7,0.298,0.39399999999999996,0.557,52.2,52.7,10.1,10.2,0.526,12.8,29.7,0.221
Marquette,960,0.478,244,0.359,584,0.747,334,1160,523,206,93,450,593,70.4,110.4,0.389,0.33799999999999997,0.5770000000000001,51.0,54.5,8.3,8.0,0.5379999999999999,15.9,29.5,0.29100000000000004
Marshall,1059,0.441,265,0.355,466,0.6809999999999999,458,1466,539,239,95,515,675,76.3,102.7,0.285,0.311,0.523,53.3,50.9,8.6,7.8,0.49700000000000005,15.9,31.5,0.19399999999999998
Maryland-Baltimore County,883,0.439,282,0.344,418,0.6759999999999999,339,1289,458,238,96,529,678,69.2,99.0,0.307,0.40700000000000003,0.535,50.9,51.9,9.6,8.4,0.509,18.7,27.4,0.20800000000000002
Maryland-Eastern Shore,882,0.469,271,0.361,438,0.711,373,1261,525,198,108,355,525,67.6,114.4,0.32799999999999996,0.39899999999999997,0.569,54.2,59.5,9.2,9.7,0.542,14.1,34.2,0.233
Maryland,781,0.409,244,0.337,334,0.7390000000000001,334,994,408,214,113,351,587,66.6,100.1,0.237,0.379,0.504,46.4,52.2,10.0,10.5,0.473,14.2,28.4,0.175
Massachusetts-Lowell,862,0.486,216,0.37,416,0.706,318,1091,424,211,99,439,621,72.1,108.5,0.332,0.33,0.574,53.0,49.2,9.7,9.0,0.547,17.6,31.6,0.235
Massachusetts,879,0.456,227,0.34700000000000003,480,0.75,330,1132,526,209,109,375,504,67.3,108.4,0.332,0.33899999999999997,0.552,51.1,59.8,9.2,9.2,0.515,14.4,29.6,0.249
McNeese State,805,0.429,216,0.344,383,0.6809999999999999,361,1118,407,187,86,357,532,73.5,102.8,0.299,0.33399999999999996,0.515,49.4,50.6,8.7,7.2,0.486,14.3,30.6,0.204
Memphis,841,0.43200000000000005,296,0.37,442,0.7020000000000001,395,1118,502,248,117,433,701,66.3,105.9,0.324,0.41100000000000003,0.539,48.9,59.7,10.8,9.8,0.508,16.2,33.8,0.22699999999999998
Mercer,812,0.43700000000000006,317,0.355,432,0.7190000000000001,275,996,502,202,119,397,626,65.8,104.6,0.32299999999999995,0.48,0.5529999999999999,45.9,61.8,8.9,10.8,0.522,15.6,24.5,0.23199999999999998
Miami (FL),794,0.431,215,0.32799999999999996,368,0.7120000000000001,314,1088,423,182,108,412,526,67.8,99.4,0.281,0.35600000000000004,0.521,49.4,53.3,8.3,9.0,0.49,16.5,28.3,0.2
Miami (OH),881,0.44,246,0.32799999999999996,396,0.708,305,1174,404,217,120,433,520,68.7,100.7,0.27899999999999997,0.374,0.53,48.8,45.9,9.1,10.6,0.501,16.0,25.5,0.198
Michigan State,774,0.36700000000000005,252,0.337,471,0.728,369,1058,419,207,88,349,698,68.1,94.9,0.307,0.355,0.47,42.4,54.1,8.7,6.9,0.42700000000000005,12.6,26.3,0.223
Michigan,948,0.426,222,0.32799999999999996,478,0.721,341,1353,412,172,129,530,729,65.7,95.4,0.298,0.304,0.511,49.7,43.5,6.3,9.7,0.47600000000000003,17.3,25.0,0.215
Middle Tennessee,738,0.431,202,0.314,510,0.7140000000000001,240,1003,385,184,88,438,566,67.8,97.0,0.41700000000000004,0.375,0.5329999999999999,45.9,52.2,8.2,7.0,0.49,17.6,22.3,0.298
Milwaukee,811,0.435,263,0.377,375,0.7440000000000001,264,1108,408,192,134,406,547,67.5,100.7,0.27,0.374,0.537,49.2,50.3,8.6,11.5,0.505,16.2,23.6,0.201
Minnesota,876,0.43799999999999994,268,0.375,382,0.705,355,1223,502,177,152,364,594,70.2,105.6,0.271,0.35700000000000004,0.532,50.0,57.3,7.8,11.3,0.505,13.9,29.5,0.191
Mississippi State,902,0.418,274,0.332,429,0.685,410,1264,446,201,116,498,610,68.4,98.4,0.29,0.382,0.51,48.6,49.4,7.9,8.6,0.48100000000000004,16.9,30.4,0.19899999999999998
Mississippi Valley State,862,0.473,275,0.368,501,0.701,344,1273,489,194,171,445,556,69.9,110.1,0.392,0.41,0.578,52.8,56.7,8.5,12.1,0.5479999999999999,17.1,31.6,0.275
Mississippi,852,0.441,288,0.37799999999999995,508,0.7120000000000001,361,1230,531,180,116,397,612,70.7,108.7,0.369,0.39399999999999996,0.55,50.3,62.3,7.8,9.6,0.515,14.9,30.6,0.263
Missouri-Kansas City,840,0.45399999999999996,227,0.353,540,0.7020000000000001,359,1295,438,171,115,481,588,72.4,105.2,0.41600000000000004,0.348,0.552,56.0,52.1,7.4,11.3,0.515,17.8,32.1,0.292
Missouri State,779,0.41,231,0.331,408,0.722,301,1085,381,180,106,326,537,66.2,100.2,0.298,0.36700000000000005,0.507,46.0,48.9,8.2,8.5,0.47100000000000003,13.1,25.4,0.215
Missouri,795,0.408,231,0.327,425,0.725,343,1079,376,217,117,365,649,67.3,100.3,0.301,0.36200000000000004,0.504,46.8,47.3,9.7,12.1,0.467,14.1,27.8,0.218
Monmouth,781,0.433,292,0.354,518,0.691,308,1071,415,211,120,413,657,71.0,104.4,0.41600000000000004,0.457,0.5489999999999999,49.0,53.1,9.3,10.5,0.514,16.0,26.9,0.287
Montana State,897,0.47600000000000003,247,0.35200000000000004,483,0.706,287,1165,412,189,106,425,658,72.1,108.0,0.363,0.37200000000000005,0.5710000000000001,49.9,45.9,8.1,8.8,0.542,16.1,26.2,0.256
Montana,784,0.43,209,0.358,552,0.723,295,1102,343,168,129,522,674,69.9,96.5,0.419,0.32,0.532,46.7,43.8,7.0,8.8,0.48700000000000004,19.3,25.6,0.302
Morehead State,765,0.46799999999999997,233,0.35200000000000004,441,0.6940000000000001,282,983,461,196,103,407,564,70.6,107.1,0.389,0.405,0.569,48.6,60.3,9.5,10.1,0.539,17.4,28.7,0.27
Morgan State,791,0.446,239,0.348,517,0.7020000000000001,334,1126,449,194,119,463,665,71.4,104.0,0.415,0.38799999999999996,0.551,48.7,56.8,8.6,8.5,0.514,17.9,30.4,0.292
Mount St. Mary's,842,0.45,243,0.34700000000000003,374,0.735,375,1204,434,187,77,438,533,67.1,106.0,0.272,0.374,0.545,56.7,51.5,8.6,8.3,0.515,17.2,34.8,0.2
Murray State,761,0.413,199,0.307,396,0.7240000000000001,314,1005,322,173,105,402,579,68.1,97.1,0.297,0.353,0.504,45.9,42.3,7.9,9.7,0.467,16.1,27.1,0.215
Navy,744,0.452,247,0.364,390,0.71,215,939,399,205,119,465,600,66.9,98.9,0.33399999999999996,0.41200000000000003,0.5579999999999999,45.8,53.6,9.5,10.7,0.527,19.6,21.9,0.237
Omaha,951,0.48,276,0.373,410,0.7509999999999999,318,1136,460,187,119,366,502,72.6,113.2,0.276,0.373,0.578,52.1,48.4,8.2,9.8,0.55,14.0,29.4,0.207
Nebraska,856,0.423,192,0.322,361,0.672,430,1257,411,168,120,412,627,68.1,100.4,0.265,0.295,0.49700000000000005,51.3,48.0,7.4,9.7,0.47,15.3,34.0,0.17800000000000002
Nevada-Las Vegas,951,0.431,248,0.35200000000000004,427,0.7390000000000001,401,1149,416,221,103,382,731,73.7,104.0,0.262,0.319,0.519,46.3,43.7,8.9,7.1,0.48700000000000004,13.3,29.9,0.193
Nevada,974,0.433,275,0.317,480,0.7090000000000001,393,1347,480,165,105,474,710,70.5,102.2,0.301,0.386,0.526,50.6,49.3,6.2,7.9,0.494,15.6,28.7,0.214
New Hampshire,712,0.43200000000000005,212,0.332,449,0.677,217,1016,301,181,84,315,546,66.6,101.0,0.402,0.38799999999999996,0.531,46.1,42.3,8.8,8.2,0.496,13.8,20.7,0.272
New Mexico State,763,0.39799999999999996,222,0.31,435,0.711,282,1103,320,166,82,463,603,70.1,91.3,0.319,0.373,0.494,44.0,41.9,6.9,6.2,0.455,17.3,22.4,0.22699999999999998
New Mexico,931,0.484,228,0.37799999999999995,551,0.7190000000000001,334,1217,461,201,113,562,683,73.6,105.1,0.39799999999999996,0.313,0.5770000000000001,53.1,49.5,8.0,10.4,0.5429999999999999,19.7,30.6,0.28600000000000003
New Orleans,822,0.462,226,0.371,452,0.701,321,1074,458,242,115,507,659,68.7,102.0,0.36200000000000004,0.342,0.556,48.8,55.7,10.6,8.5,0.525,19.5,29.9,0.254
Niagara,1012,0.46,289,0.38,456,0.706,395,1284,537,167,126,387,663,74.9,111.1,0.294,0.34600000000000003,0.552,50.0,53.1,6.7,9.2,0.526,13.4,30.7,0.207
Nicholls State,824,0.441,206,0.335,557,0.679,349,1155,412,223,118,552,599,76.9,98.0,0.439,0.32899999999999996,0.534,49.3,50.0,9.1,9.3,0.496,19.6,29.5,0.298
NJIT,795,0.461,206,0.36,401,0.705,287,1038,375,187,129,440,513,71.0,102.3,0.33,0.331,0.55,49.4,47.2,8.7,11.2,0.52,18.1,28.2,0.23199999999999998
Norfolk State,781,0.418,296,0.35700000000000004,559,0.708,344,1177,476,180,113,495,595,72.3,101.0,0.42200000000000004,0.44299999999999995,0.5379999999999999,48.1,60.9,7.5,8.8,0.49700000000000005,18.1,28.6,0.299
North Carolina-Asheville,884,0.45,260,0.34299999999999997,471,0.708,311,1120,471,216,97,446,575,69.5,103.8,0.33899999999999997,0.387,0.5479999999999999,49.3,53.3,9.0,8.0,0.517,16.4,26.3,0.24
North Carolina A&T,956,0.457,239,0.33,454,0.687,351,1215,482,205,107,463,692,71.1,103.5,0.316,0.34600000000000003,0.541,49.3,50.4,8.1,8.2,0.514,16.1,28.0,0.217
North Carolina Central,846,0.41700000000000004,259,0.33,474,0.715,359,1168,462,181,105,423,546,68.8,100.4,0.327,0.387,0.517,46.6,54.6,7.5,7.4,0.48100000000000004,15.3,28.0,0.233
North Carolina-Greensboro,729,0.406,229,0.315,502,0.725,264,1070,348,245,79,528,579,66.9,91.5,0.386,0.405,0.516,45.0,47.7,10.2,6.9,0.47,19.9,22.9,0.28
North Carolina State,908,0.465,199,0.316,462,0.703,363,1164,457,205,131,487,599,72.1,103.7,0.337,0.322,0.547,49.7,50.3,8.6,9.7,0.516,17.7,31.9,0.237
North Carolina-Wilmington,940,0.47700000000000004,298,0.387,490,0.693,285,1151,447,182,93,374,614,73.4,111.5,0.359,0.391,0.579,46.8,47.6,7.6,6.6,0.5529999999999999,14.0,24.8,0.249
North Carolina,972,0.423,357,0.38,410,0.687,362,1216,541,228,176,433,657,71.7,101.8,0.26,0.409,0.525,43.6,55.7,8.6,11.2,0.501,14.4,25.5,0.17800000000000002
North Dakota State,799,0.42700000000000005,223,0.345,443,0.745,273,1061,337,189,85,325,517,68.8,102.5,0.318,0.345,0.525,49.1,42.2,8.6,8.5,0.486,13.1,23.9,0.237
North Dakota,942,0.49,251,0.374,477,0.732,314,1204,444,224,74,474,615,73.2,109.3,0.33899999999999997,0.349,0.585,55.0,47.1,9.4,6.2,0.555,17.5,29.3,0.248
North Florida,1120,0.47700000000000004,230,0.342,403,0.7340000000000001,452,1340,581,278,112,353,544,75.6,114.8,0.23399999999999999,0.28600000000000003,0.55,53.6,51.9,11.1,10.1,0.526,11.9,34.8,0.171
North Texas,922,0.426,263,0.32799999999999996,596,0.715,328,1300,424,222,156,474,717,69.9,100.4,0.385,0.371,0.528,47.3,46.0,8.2,11.2,0.48700000000000004,15.6,24.2,0.275
Northeastern,834,0.44799999999999995,158,0.299,444,0.741,280,1035,345,200,81,412,589,68.0,100.0,0.322,0.284,0.529,48.9,41.4,8.8,8.3,0.491,16.1,25.3,0.239
Northern Arizona,859,0.47,301,0.389,493,0.74,302,1161,489,231,112,434,657,70.7,110.2,0.364,0.423,0.586,51.9,56.9,10.1,9.6,0.552,16.8,28.6,0.27
Northern Colorado,1014,0.445,185,0.32799999999999996,561,0.6859999999999999,328,1360,384,203,107,497,734,73.7,98.1,0.359,0.247,0.52,48.7,37.9,7.2,7.6,0.486,15.7,23.5,0.24600000000000002
Northern Illinois,861,0.461,274,0.359,411,0.6940000000000001,317,1117,470,155,131,401,569,69.3,108.2,0.317,0.409,0.56,50.3,54.6,7.0,9.7,0.535,15.7,28.7,0.22
Northern Iowa,723,0.41600000000000004,239,0.36,305,0.723,234,1055,346,195,109,356,564,64.3,96.4,0.243,0.382,0.513,48.8,47.9,9.4,10.6,0.484,15.5,21.7,0.175
Northern Kentucky,752,0.409,205,0.31,403,0.7,304,1058,359,180,113,450,547,70.7,93.4,0.313,0.36,0.5,47.4,47.7,8.0,9.9,0.46399999999999997,17.6,25.9,0.21899999999999997
Northwestern State,789,0.467,218,0.369,468,0.6890000000000001,322,1081,438,248,106,403,528,72.2,108.1,0.402,0.349,0.562,51.1,55.5,11.8,8.6,0.531,16.7,32.2,0.27699999999999997
Northwestern,729,0.43700000000000006,227,0.35700000000000004,442,0.7120000000000001,278,1043,440,187,107,403,547,65.3,101.0,0.37200000000000005,0.381,0.542,49.6,60.4,8.9,9.8,0.505,17.0,27.3,0.265
Notre Dame,923,0.424,286,0.35,339,0.706,380,1243,507,182,135,397,570,66.5,102.1,0.221,0.375,0.514,48.4,54.9,7.5,10.4,0.49,14.2,28.8,0.156
Oakland,931,0.451,237,0.373,417,0.725,350,1186,483,246,141,405,619,72.2,104.9,0.278,0.307,0.5379999999999999,49.6,51.9,10.3,11.9,0.508,14.8,28.5,0.20199999999999999
Ohio State,811,0.41700000000000004,272,0.35100000000000003,403,0.7020000000000001,302,1078,405,174,90,418,598,67.9,98.4,0.295,0.39899999999999997,0.518,46.4,49.9,7.5,6.9,0.48700000000000004,15.9,24.9,0.207
Ohio,839,0.43200000000000005,249,0.32299999999999995,426,0.7509999999999999,305,1200,389,189,109,415,551,72.6,101.3,0.292,0.397,0.532,51.6,46.4,8.1,8.8,0.496,15.8,26.0,0.21899999999999997
Oklahoma State,916,0.43700000000000006,264,0.36700000000000005,541,0.726,400,1292,466,224,104,521,681,70.8,102.7,0.35600000000000004,0.344,0.539,48.9,50.9,8.7,7.6,0.5,17.5,31.1,0.258
Oklahoma,964,0.44299999999999995,293,0.36200000000000004,393,0.703,383,1237,471,215,141,415,574,76.5,105.6,0.257,0.37200000000000005,0.535,50.2,48.9,8.7,11.5,0.51,14.5,30.1,0.18
Old Dominion,707,0.40700000000000003,241,0.33799999999999997,355,0.6759999999999999,294,1079,417,148,90,462,556,66.6,93.6,0.303,0.41100000000000003,0.506,47.2,59.0,6.9,7.2,0.47700000000000004,18.9,26.1,0.205
Oral Roberts,902,0.465,261,0.35700000000000004,419,0.715,337,1122,531,200,116,350,526,68.0,111.6,0.302,0.377,0.56,47.8,58.9,9.0,8.5,0.532,13.6,30.1,0.21600000000000003
Oregon State,765,0.43200000000000005,226,0.348,495,0.731,317,1030,382,199,110,408,630,67.4,102.7,0.382,0.36700000000000005,0.5379999999999999,47.9,49.9,9.1,9.2,0.496,16.3,28.7,0.28
Oregon,881,0.433,285,0.35600000000000004,559,0.757,325,1153,449,191,108,482,663,69.6,102.6,0.363,0.39399999999999996,0.547,47.7,51.0,7.5,8.7,0.503,16.8,26.7,0.275
Pacific,798,0.45299999999999996,257,0.364,463,0.748,287,1047,459,159,90,395,634,67.0,107.2,0.35200000000000004,0.402,0.564,49.1,57.5,7.4,6.8,0.526,16.1,27.6,0.263
Penn State,928,0.425,251,0.342,494,0.706,378,1288,461,215,143,521,696,67.9,97.6,0.321,0.336,0.517,48.2,49.7,8.1,9.3,0.483,17.2,28.2,0.226
Pennsylvania,816,0.414,192,0.295,450,0.7340000000000001,275,1192,323,174,97,406,609,70.2,95.6,0.311,0.33,0.503,49.0,39.6,7.3,8.7,0.46299999999999997,15.2,22.3,0.228
Pepperdine,887,0.48700000000000004,305,0.401,437,0.7240000000000001,267,1045,550,181,131,344,608,67.8,115.1,0.332,0.418,0.597,49.2,62.0,8.3,10.2,0.5710000000000001,14.0,26.2,0.24
Pittsburgh,831,0.439,235,0.33399999999999996,419,0.708,390,1205,483,214,134,329,514,65.7,109.3,0.313,0.37200000000000005,0.532,54.5,58.1,10.1,15.3,0.501,13.1,33.9,0.221
Portland State,937,0.475,251,0.36700000000000005,573,0.6970000000000001,343,1263,513,212,143,615,667,76.5,102.5,0.41700000000000004,0.34700000000000003,0.5710000000000001,49.2,54.7,8.1,9.9,0.539,20.7,29.7,0.29100000000000004
Portland,838,0.435,271,0.342,425,0.698,352,1187,485,173,83,351,599,68.5,107.3,0.316,0.41200000000000003,0.535,53.9,57.9,7.8,7.7,0.505,13.7,30.3,0.221
Prairie View,879,0.46799999999999997,230,0.33299999999999996,621,0.691,371,1251,437,211,116,563,697,72.6,104.9,0.479,0.368,0.5660000000000001,51.4,49.7,8.5,9.0,0.53,19.6,32.3,0.331
Presbyterian,837,0.473,238,0.365,361,0.725,296,1099,444,164,89,371,522,64.7,109.3,0.282,0.369,0.5670000000000001,52.3,53.0,7.9,9.0,0.54,15.6,29.4,0.204
Princeton,738,0.449,218,0.355,389,0.747,231,987,332,154,90,336,498,66.4,104.6,0.317,0.373,0.551,51.0,45.0,7.7,10.1,0.515,15.1,24.1,0.237
Providence,913,0.444,240,0.322,478,0.731,357,1268,444,227,128,469,675,69.5,102.8,0.318,0.363,0.5379999999999999,50.4,48.6,9.2,9.4,0.503,16.6,28.9,0.233
Purdue,907,0.413,251,0.332,366,0.6890000000000001,376,1204,443,190,94,448,688,68.1,96.2,0.242,0.344,0.496,48.2,48.8,7.5,7.5,0.47,15.5,27.8,0.16699999999999998
Quinnipiac,908,0.46299999999999997,286,0.396,429,0.728,324,1181,487,214,115,376,646,67.9,110.0,0.301,0.368,0.565,50.8,53.6,9.3,11.8,0.536,14.4,28.5,0.21899999999999997
Radford,819,0.43200000000000005,261,0.35,437,0.7509999999999999,317,1135,413,198,120,469,601,63.4,100.6,0.307,0.39299999999999996,0.537,47.7,50.4,8.5,9.9,0.501,17.7,27.7,0.23
Rhode Island,811,0.45299999999999996,182,0.332,534,0.7340000000000001,303,1170,397,187,105,536,591,69.2,98.6,0.406,0.306,0.547,50.0,49.0,7.9,7.4,0.503,20.0,28.0,0.298
Rice,850,0.44799999999999995,284,0.35700000000000004,363,0.701,318,1154,514,216,77,368,577,70.1,107.1,0.273,0.42,0.5479999999999999,50.3,60.5,9.9,8.3,0.523,14.7,28.1,0.191
Richmond,882,0.489,236,0.37200000000000005,418,0.7390000000000001,284,1107,471,202,103,421,489,68.3,109.4,0.314,0.35200000000000004,0.583,53.2,53.4,9.1,8.8,0.5539999999999999,16.9,28.3,0.23199999999999998
Rider,852,0.447,305,0.371,496,0.708,333,1171,481,198,146,493,693,74.8,104.3,0.368,0.431,0.56,48.3,56.5,8.2,11.0,0.528,18.1,28.6,0.261
Robert Morris,833,0.44799999999999995,210,0.32799999999999996,458,0.682,357,1218,408,215,124,525,587,70.8,99.5,0.36200000000000004,0.344,0.536,50.9,49.0,9.2,10.3,0.505,19.4,31.3,0.247
Rutgers,785,0.414,231,0.32,403,0.701,341,1221,427,191,147,473,627,66.9,95.9,0.303,0.38,0.508,48.1,54.4,8.3,9.5,0.474,17.9,28.2,0.212
Sacramento State,820,0.455,247,0.373,471,0.7609999999999999,312,1148,417,180,98,386,549,67.5,108.8,0.34299999999999997,0.36700000000000005,0.562,52.9,50.9,8.3,8.0,0.523,15.5,29.2,0.261
Sacred Heart,794,0.44,243,0.33799999999999997,406,0.685,252,1006,376,207,104,327,535,69.5,103.4,0.32799999999999996,0.39799999999999996,0.536,44.8,47.4,9.6,8.5,0.507,13.5,22.6,0.225
Saint Francis (PA),893,0.461,255,0.35,314,0.696,339,1120,491,165,116,424,583,70.8,105.6,0.233,0.377,0.5479999999999999,51.7,55.0,7.4,9.9,0.527,16.5,30.6,0.162
Saint Joseph's,831,0.42,305,0.337,344,0.706,296,1236,486,152,116,374,583,71.2,100.6,0.24600000000000002,0.457,0.523,50.7,58.5,6.6,9.7,0.49700000000000005,14.5,24.5,0.174
Saint Louis,749,0.428,222,0.35,437,0.727,293,1052,422,187,110,398,635,64.7,100.6,0.34299999999999997,0.36200000000000004,0.53,47.0,56.3,8.7,9.5,0.491,16.4,26.8,0.25
Saint Mary's (CA),883,0.442,200,0.32299999999999995,355,0.7170000000000001,265,988,424,197,106,345,589,63.6,100.3,0.248,0.31,0.519,44.9,48.0,8.5,8.3,0.49200000000000005,13.4,22.5,0.17800000000000002
Saint Peter's,685,0.413,237,0.32899999999999996,504,0.7190000000000001,308,1092,392,179,84,454,502,65.0,99.3,0.423,0.435,0.53,51.0,57.2,8.4,8.3,0.484,18.6,28.9,0.304
Sam Houston State,852,0.434,277,0.325,496,0.684,325,1220,461,185,149,517,682,69.1,99.2,0.369,0.433,0.536,47.4,54.1,7.4,11.0,0.504,18.3,26.1,0.252
Samford,957,0.488,323,0.373,402,0.75,361,1153,609,214,85,446,560,71.9,114.8,0.273,0.442,0.596,54.2,63.6,9.3,7.9,0.5710000000000001,16.8,33.7,0.205
San Diego State,795,0.41700000000000004,251,0.327,399,0.727,297,1077,440,201,109,443,636,70.4,96.5,0.28800000000000003,0.402,0.516,46.3,55.3,8.7,8.7,0.48200000000000004,17.0,25.1,0.209
San Diego,764,0.415,167,0.303,569,0.7490000000000001,303,1131,317,199,97,409,666,67.2,98.3,0.41200000000000003,0.299,0.514,50.3,41.5,8.6,9.9,0.46,15.7,26.0,0.309
San Francisco,934,0.434,222,0.327,591,0.7559999999999999,327,1348,395,225,160,451,670,67.3,101.4,0.364,0.315,0.531,49.2,42.3,8.5,12.6,0.486,15.2,24.7,0.275
San Jose State,781,0.43799999999999994,303,0.349,395,0.727,261,964,491,221,102,319,550,69.3,107.8,0.304,0.48700000000000004,0.5529999999999999,47.3,62.9,10.5,9.0,0.523,13.5,24.7,0.221
Santa Clara,821,0.502,200,0.39899999999999997,382,0.71,243,1031,489,168,105,390,564,65.4,109.3,0.32899999999999996,0.306,0.588,53.8,59.6,8.3,10.6,0.563,17.1,27.4,0.233
Savannah State,1102,0.493,298,0.35600000000000004,489,0.7140000000000001,428,1527,649,205,117,576,611,83.6,110.5,0.306,0.375,0.584,55.5,58.9,7.6,11.2,0.5589999999999999,18.4,34.9,0.21899999999999997
Seattle,814,0.40700000000000003,251,0.35,589,0.745,348,1181,387,238,109,386,666,70.3,102.1,0.396,0.359,0.52,47.6,47.5,9.8,9.6,0.47,14.0,27.2,0.295
Seton Hall,903,0.439,262,0.33799999999999997,444,0.7240000000000001,347,1149,442,201,111,431,664,71.1,103.2,0.298,0.377,0.535,46.9,48.9,8.3,8.0,0.503,15.5,28.1,0.21600000000000003
Siena,819,0.447,226,0.349,541,0.7020000000000001,322,1095,415,215,104,348,592,67.2,108.0,0.42100000000000004,0.353,0.547,48.9,50.7,9.7,8.7,0.509,13.7,28.9,0.295
South Alabama,762,0.40700000000000003,214,0.305,480,0.6829999999999999,355,1198,380,202,123,429,605,71.1,97.2,0.375,0.375,0.502,50.7,49.9,8.8,12.2,0.46399999999999997,16.3,29.1,0.256
South Carolina State,963,0.49200000000000005,275,0.366,459,0.6940000000000001,355,1202,487,183,122,456,622,73.4,112.4,0.33799999999999997,0.384,0.586,52.4,50.6,7.7,9.1,0.563,16.7,32.8,0.235
South Carolina Upstate,967,0.501,287,0.41200000000000003,502,0.74,330,1229,604,159,76,369,463,71.1,118.8,0.35100000000000003,0.361,0.605,53.6,62.5,6.9,7.0,0.5760000000000001,14.1,31.3,0.26
South Carolina,749,0.424,222,0.33299999999999996,557,0.7240000000000001,304,1116,380,244,173,487,684,69.7,98.3,0.436,0.37799999999999995,0.534,47.6,50.7,10.5,14.5,0.48700000000000004,18.6,27.2,0.316
South Dakota State,955,0.42700000000000005,291,0.33299999999999996,398,0.718,305,1243,410,172,91,371,670,72.3,101.6,0.248,0.391,0.52,47.8,42.9,6.7,7.5,0.49200000000000005,12.9,22.5,0.17800000000000002
South Dakota,859,0.41,261,0.32899999999999996,425,0.7290000000000001,346,1194,398,169,109,502,644,72.1,95.3,0.278,0.37799999999999995,0.507,47.5,46.3,6.7,7.5,0.47200000000000003,17.5,26.5,0.203
South Florida,819,0.451,219,0.33,403,0.6809999999999999,334,1098,454,217,125,346,552,65.5,107.5,0.326,0.365,0.539,50.8,55.4,10.3,11.2,0.511,14.2,30.6,0.222
Southeast Missouri State,857,0.47700000000000004,260,0.374,439,0.7120000000000001,304,1067,431,153,121,383,567,69.1,111.7,0.344,0.387,0.578,51.5,50.3,7.1,12.2,0.55,15.5,29.3,0.245
Southeastern Louisiana,860,0.43799999999999994,225,0.34700000000000003,412,0.722,382,1199,372,194,121,497,666,69.1,100.4,0.29100000000000004,0.33,0.528,50.9,43.3,8.3,10.1,0.496,18.2,32.3,0.21
Southern California,936,0.441,294,0.35200000000000004,397,0.7040000000000001,358,1219,496,187,105,483,631,68.7,102.2,0.266,0.39299999999999996,0.536,49.3,53.0,7.5,7.6,0.51,16.8,28.8,0.187
SIU Edwardsville,792,0.47600000000000003,217,0.368,561,0.7340000000000001,292,1075,428,206,106,369,528,70.4,111.8,0.45899999999999996,0.355,0.583,51.2,54.0,9.8,9.6,0.541,15.4,29.4,0.337
Southern Illinois,801,0.43799999999999994,239,0.33299999999999996,439,0.713,323,1129,412,219,90,445,587,66.9,101.8,0.337,0.392,0.5379999999999999,51.1,51.4,9.8,7.4,0.504,17.4,28.8,0.24
Southern Methodist,744,0.42200000000000004,259,0.33799999999999997,367,0.6809999999999999,346,1096,475,159,111,461,550,64.4,99.4,0.306,0.434,0.524,49.7,63.8,7.5,10.1,0.495,18.6,31.7,0.20800000000000002
Southern Mississippi,859,0.461,311,0.36700000000000005,420,0.7070000000000001,304,1218,480,147,86,475,523,67.8,105.8,0.318,0.45399999999999996,0.57,54.1,55.9,6.4,7.1,0.544,18.1,28.0,0.225
Southern Utah,891,0.47700000000000004,244,0.38,557,0.725,277,1150,409,185,105,404,651,73.1,109.6,0.41100000000000003,0.344,0.578,51.5,45.9,7.8,8.9,0.542,15.3,25.4,0.298
Southern,814,0.42200000000000004,236,0.337,505,0.705,352,1207,398,199,133,410,656,69.8,102.1,0.37200000000000005,0.364,0.522,48.4,48.9,8.6,9.4,0.484,15.3,29.3,0.262
St. Bonaventure,807,0.42100000000000004,266,0.321,527,0.715,353,1186,463,181,133,488,663,69.4,100.6,0.384,0.43200000000000005,0.531,49.5,57.4,7.6,10.2,0.49,17.7,29.0,0.275
St. Francis (NY),810,0.47100000000000003,186,0.33799999999999997,551,0.7170000000000001,317,1180,349,184,96,462,557,70.8,105.6,0.447,0.32,0.565,53.0,43.1,8.2,8.7,0.525,18.1,30.6,0.32
St. John's (NY),807,0.42,304,0.369,479,0.7340000000000001,378,1306,472,180,78,535,587,71.1,100.3,0.34,0.429,0.537,54.1,58.5,7.5,6.0,0.499,19.3,31.5,0.249
Stanford,954,0.433,279,0.35100000000000003,435,0.675,359,1170,455,237,155,405,700,72.2,103.1,0.292,0.361,0.523,46.1,47.7,9.3,11.3,0.49700000000000005,13.9,27.0,0.198
Stephen F. Austin,768,0.428,246,0.35700000000000004,604,0.688,325,1124,450,260,126,691,717,73.8,92.4,0.489,0.384,0.539,47.4,58.6,10.1,8.9,0.496,23.8,27.8,0.336
Stetson,881,0.466,269,0.374,465,0.7,295,1217,462,182,113,445,503,73.1,105.9,0.35100000000000003,0.38,0.5660000000000001,52.5,52.4,7.7,8.5,0.537,16.8,26.8,0.24600000000000002
Stony Brook,761,0.43700000000000006,220,0.35100000000000003,507,0.7040000000000001,306,1143,371,220,130,478,593,69.6,100.2,0.414,0.36,0.54,49.8,48.8,9.8,11.7,0.501,18.7,28.0,0.29100000000000004
Syracuse,801,0.391,289,0.318,469,0.731,400,1237,591,228,116,469,679,64.2,98.0,0.314,0.445,0.502,47.4,73.8,9.5,8.7,0.462,16.6,30.0,0.22899999999999998
Temple,836,0.43799999999999994,229,0.324,425,0.708,376,1257,441,172,100,418,479,67.5,103.7,0.315,0.37,0.531,52.9,52.8,7.7,8.2,0.498,16.0,32.4,0.223
Tennessee-Martin,764,0.425,310,0.35700000000000004,415,0.701,353,1107,524,211,78,421,469,68.5,104.9,0.32899999999999996,0.483,0.542,50.5,68.6,9.8,6.7,0.511,16.8,31.2,0.231
Tennessee State,683,0.431,271,0.35700000000000004,373,0.688,267,1000,431,166,91,473,539,67.0,98.4,0.342,0.479,0.545,50.3,63.1,8.1,10.0,0.516,20.4,26.8,0.235
Tennessee Tech,838,0.43700000000000006,243,0.325,469,0.695,347,1208,447,197,129,494,634,72.1,99.9,0.35200000000000004,0.389,0.5329999999999999,50.7,53.3,8.2,10.5,0.5,18.1,29.3,0.245
Tennessee,784,0.409,222,0.318,511,0.71,383,1194,383,194,112,484,674,67.1,97.3,0.376,0.365,0.509,48.6,48.9,8.2,8.7,0.467,17.6,30.9,0.267
Texas A&M-Corpus Christi,679,0.43799999999999994,224,0.34700000000000003,475,0.6759999999999999,286,976,413,220,86,445,556,69.9,100.6,0.45399999999999996,0.41700000000000004,0.546,49.3,60.8,10.8,7.5,0.51,19.1,28.6,0.306
Texas A&M,892,0.408,268,0.326,415,0.688,378,1222,512,227,135,379,616,70.9,99.5,0.276,0.376,0.499,45.7,57.4,9.2,9.5,0.469,13.3,27.1,0.19
Texas-Arlington,853,0.41200000000000003,308,0.335,486,0.693,363,1221,455,243,88,490,646,74.0,99.0,0.33899999999999997,0.444,0.52,47.8,53.3,9.6,7.1,0.486,16.9,27.6,0.235
Texas Christian,894,0.457,262,0.376,437,0.731,291,1001,511,206,141,410,612,70.0,105.7,0.305,0.35600000000000004,0.555,45.5,57.2,8.8,11.0,0.523,15.5,25.9,0.223
Texas-El Paso,756,0.428,262,0.355,423,0.665,298,1186,396,170,55,380,532,69.5,102.0,0.36,0.418,0.531,53.4,52.4,7.9,5.1,0.502,15.5,26.7,0.24
Texas-Rio Grande Valley,875,0.44799999999999995,229,0.353,605,0.6990000000000001,364,1329,500,198,122,515,702,75.8,102.6,0.442,0.331,0.546,51.7,57.1,7.9,8.7,0.506,17.9,29.8,0.309
Texas-San Antonio,879,0.41600000000000004,290,0.344,580,0.679,346,1335,444,183,120,430,608,74.0,101.1,0.40399999999999997,0.39899999999999997,0.522,48.9,50.5,7.0,9.6,0.485,14.6,25.4,0.275
Texas Southern,1048,0.452,280,0.366,483,0.667,442,1381,569,191,145,426,757,72.7,108.5,0.312,0.32899999999999996,0.537,51.5,54.3,7.2,10.9,0.512,13.8,32.2,0.20800000000000002
Texas State,786,0.44299999999999995,226,0.324,374,0.71,288,1041,411,207,137,442,597,65.4,99.9,0.297,0.39299999999999996,0.536,47.6,52.3,9.5,12.1,0.506,17.9,26.9,0.21100000000000002
Texas Tech,806,0.401,249,0.32299999999999995,536,0.703,368,1199,377,222,138,554,766,68.3,94.2,0.379,0.38299999999999995,0.506,47.4,46.8,8.7,9.9,0.46299999999999997,18.9,28.5,0.267
Texas,861,0.425,237,0.332,379,0.7120000000000001,353,1216,420,181,100,425,606,66.9,99.2,0.262,0.35200000000000004,0.513,50.0,48.8,7.7,8.0,0.483,15.7,29.2,0.187
Toledo,942,0.43700000000000006,241,0.34299999999999997,407,0.732,363,1195,366,206,117,323,624,69.9,106.5,0.258,0.326,0.523,48.8,38.9,8.7,10.3,0.493,11.8,28.0,0.18899999999999997
Towson,774,0.43,239,0.34,492,0.711,313,1048,418,181,92,424,603,68.7,102.0,0.384,0.391,0.535,46.2,54.0,8.1,7.0,0.496,16.6,27.6,0.273
Troy,865,0.434,255,0.341,423,0.6970000000000001,354,1202,406,209,84,386,575,69.9,103.7,0.305,0.375,0.528,50.2,46.9,9.0,7.9,0.498,14.5,28.8,0.212
Tulane,815,0.446,215,0.345,451,0.7140000000000001,330,1111,385,214,91,374,571,69.7,105.4,0.34600000000000003,0.341,0.539,51.0,47.2,9.8,8.2,0.505,14.9,29.9,0.247
Tulsa,793,0.42,282,0.34299999999999997,329,0.688,350,1085,442,197,117,382,625,68.1,102.9,0.253,0.435,0.519,48.0,55.7,9.2,11.5,0.495,15.3,29.6,0.174
UCLA,891,0.423,287,0.34600000000000003,438,0.701,347,1195,451,201,81,351,630,71.4,104.0,0.297,0.39399999999999996,0.522,48.2,50.6,8.3,6.7,0.491,12.8,26.8,0.20800000000000002
Utah State,868,0.449,261,0.36,469,0.743,300,1143,452,218,97,411,609,68.8,105.0,0.327,0.376,0.552,50.3,52.1,9.3,9.4,0.517,15.6,26.3,0.243
Utah Valley,846,0.413,231,0.32,387,0.6990000000000001,329,1073,495,251,107,419,648,70.1,96.6,0.271,0.35200000000000004,0.5,45.3,58.5,10.5,8.7,0.47,15.4,25.9,0.18899999999999997
Utah,855,0.419,264,0.336,422,0.716,360,1211,406,212,105,415,679,67.2,101.1,0.28800000000000003,0.385,0.516,50.8,47.5,8.9,10.2,0.483,15.2,28.4,0.207
Valparaiso,732,0.42100000000000004,192,0.314,526,0.71,309,1075,406,201,88,450,606,69.8,97.7,0.426,0.35100000000000003,0.522,49.1,55.5,9.0,7.9,0.47600000000000003,17.7,27.3,0.302
Vanderbilt,841,0.466,210,0.374,476,0.721,293,1065,393,155,133,316,572,66.5,110.4,0.365,0.311,0.5589999999999999,49.6,46.7,7.2,13.9,0.524,13.0,27.6,0.264
Vermont,844,0.43799999999999994,248,0.342,341,0.713,255,1007,417,195,110,386,698,65.3,99.7,0.248,0.377,0.528,46.5,49.4,8.5,9.5,0.502,15.2,22.2,0.177
Villanova,1028,0.428,272,0.317,479,0.747,378,1306,532,193,105,512,698,70.1,99.2,0.267,0.35700000000000004,0.519,47.6,51.8,6.8,8.2,0.485,15.9,26.5,0.2
Virginia Commonwealth,897,0.45,258,0.35100000000000003,418,0.715,318,1155,470,230,87,425,552,71.4,103.7,0.294,0.369,0.544,49.0,52.4,9.7,7.0,0.515,15.8,27.0,0.21
VMI,767,0.444,247,0.34,433,0.7190000000000001,312,1141,417,213,94,410,469,70.4,104.8,0.348,0.42,0.5489999999999999,52.6,54.4,10.1,9.2,0.515,16.9,29.6,0.25
Virginia Tech,844,0.43,292,0.34700000000000003,402,0.6970000000000001,346,1130,460,174,124,433,572,69.9,102.1,0.294,0.428,0.532,51.2,54.5,7.5,11.1,0.504,16.2,29.4,0.205
Virginia,647,0.38,215,0.31,327,0.732,280,1048,308,130,87,432,510,60.6,88.8,0.262,0.408,0.479,48.8,47.6,6.3,7.3,0.44299999999999995,18.4,25.5,0.192
Wagner,731,0.41200000000000003,232,0.35700000000000004,562,0.6890000000000001,331,1112,380,186,125,479,675,69.6,97.8,0.46,0.366,0.522,46.3,52.0,8.1,10.5,0.47700000000000004,18.1,28.2,0.317
Wake Forest,770,0.44,265,0.377,500,0.732,296,1064,440,202,112,380,548,69.9,106.4,0.39,0.401,0.555,49.0,57.1,9.3,9.5,0.515,15.5,27.7,0.28600000000000003
Washington State,882,0.465,265,0.349,382,0.706,340,1129,453,188,92,354,501,69.4,111.2,0.285,0.4,0.56,52.9,51.4,8.7,10.3,0.535,14.1,31.2,0.201
Washington,887,0.447,236,0.335,472,0.6920000000000001,392,1200,533,207,113,513,656,70.7,102.1,0.344,0.355,0.5379999999999999,51.9,60.1,8.5,8.7,0.507,18.2,33.3,0.23800000000000002
Weber State,794,0.429,199,0.331,408,0.695,298,1070,381,183,73,369,567,70.0,99.9,0.317,0.325,0.515,50.7,48.0,8.3,7.0,0.483,14.8,25.8,0.22
West Virginia,835,0.426,288,0.38,617,0.7120000000000001,375,1268,462,204,148,612,695,70.5,98.4,0.441,0.386,0.542,47.5,55.3,7.8,10.1,0.499,20.5,29.9,0.314
Western Carolina,839,0.46,282,0.35700000000000004,459,0.722,344,1191,489,250,124,490,548,71.0,106.4,0.349,0.433,0.569,52.0,58.3,11.0,10.5,0.537,18.7,32.0,0.252
Western Illinois,723,0.425,237,0.35600000000000004,326,0.698,255,991,349,180,65,319,454,69.8,101.4,0.275,0.391,0.522,50.0,48.3,9.1,6.0,0.495,14.2,24.3,0.192
Western Kentucky,989,0.429,301,0.35600000000000004,395,0.725,403,1275,523,199,125,488,734,69.7,100.6,0.237,0.36700000000000005,0.522,48.5,52.9,7.5,7.8,0.495,16.0,29.0,0.171
Western Michigan,818,0.45399999999999996,290,0.37200000000000005,423,0.723,287,1096,424,166,94,440,576,69.4,105.3,0.324,0.433,0.564,49.2,51.8,7.4,7.5,0.534,17.5,27.0,0.235
Wichita State,809,0.42100000000000004,282,0.363,464,0.726,271,1005,356,200,111,379,658,70.0,101.5,0.332,0.40399999999999997,0.531,42.9,44.0,8.6,9.1,0.494,14.6,22.5,0.24100000000000002
William & Mary,928,0.48700000000000004,260,0.363,415,0.696,276,1002,469,199,94,332,523,71.4,112.9,0.313,0.376,0.578,49.6,50.5,8.9,9.4,0.555,13.2,25.4,0.218
Winthrop,772,0.418,229,0.332,446,0.746,311,1070,347,229,88,425,592,72.4,98.8,0.324,0.373,0.521,48.7,44.9,10.2,8.7,0.48,16.6,27.0,0.24100000000000002
Wisconsin,798,0.45899999999999996,185,0.35,396,0.753,271,1023,378,175,122,386,611,63.4,103.6,0.302,0.303,0.547,50.3,47.4,8.3,10.8,0.512,16.2,27.6,0.228
Wofford,833,0.449,287,0.35700000000000004,452,0.7340000000000001,282,1088,474,210,81,438,535,67.8,104.4,0.332,0.43200000000000005,0.5589999999999999,49.7,56.9,9.1,7.8,0.526,16.9,25.4,0.243
Wright State,816,0.415,268,0.34600000000000003,407,0.71,303,1178,420,204,102,531,702,69.9,93.6,0.292,0.39399999999999996,0.516,48.2,51.5,8.3,7.8,0.483,19.2,25.0,0.207
Wyoming,898,0.444,260,0.371,541,0.7190000000000001,315,1288,461,203,79,483,708,74.7,101.8,0.37200000000000005,0.34600000000000003,0.546,52.9,51.3,8.0,7.3,0.508,16.9,25.6,0.268
Xavier,944,0.431,301,0.33399999999999996,427,0.76,296,1095,492,238,127,400,731,72.3,102.3,0.256,0.41100000000000003,0.532,44.9,52.1,9.3,9.6,0.499,14.0,22.9,0.195
Yale,824,0.46,214,0.33899999999999997,426,0.723,277,1061,428,214,80,397,539,70.1,104.4,0.32799999999999996,0.35200000000000004,0.552,50.2,51.9,9.8,7.7,0.519,16.1,26.3,0.23800000000000002
Youngstown State,943,0.509,258,0.402,503,0.695,294,1122,524,225,145,497,565,74.2,110.6,0.391,0.34700000000000003,0.603,49.2,55.6,9.4,10.4,0.579,18.5,29.6,0.272
