Team,W,L,Home_W,Home_L,Away_W,Away_L,Conf_W,Conf_L,SOS,FG,FG%,3P,3P%,FT,FT%,ORB,TRB,AST,STL,BLK,TOV,PF,Pace,FTAR,3PAR,TS%,TRB%,AST%,STL%,BLK%,eFG%,TOV%,ORB%,FT/FGA
Abilene Christian,16,16,9,6,6,9,8,10,-6.82,870,0.46399999999999997,213,0.325,406,0.701,309,1093,482,260,128,461,671,71.5,0.309,0.35,0.5489999999999999,49.7,55.4,11.3,11.6,0.521,17.7,28.0,0.217
Air Force,12,19,9,7,3,10,6,12,1.72,733,0.419,250,0.331,408,0.7340000000000001,302,1014,445,201,78,391,557,67.7,0.318,0.431,0.527,48.7,60.7,9.5,8.1,0.49,16.3,27.5,0.233
Akron,14,18,12,4,2,10,6,12,-1.92,793,0.435,305,0.358,405,0.696,306,1071,418,189,81,440,637,69.0,0.319,0.467,0.547,49.2,52.7,8.5,7.5,0.518,17.3,27.5,0.222
Alabama A&M,3,28,2,9,1,18,3,15,-8.04,673,0.397,182,0.303,345,0.647,335,1046,340,123,49,514,506,68.2,0.314,0.354,0.48,48.2,50.5,5.8,3.9,0.45,20.9,29.9,0.203
Alabama-Birmingham,20,13,14,3,5,6,10,8,-0.65,945,0.488,223,0.345,423,0.75,333,1255,560,178,127,437,490,69.4,0.29100000000000004,0.33399999999999996,0.575,54.8,59.3,7.7,11.6,0.545,16.5,31.2,0.218
Alabama State,8,23,4,8,4,13,8,10,-8.62,751,0.408,209,0.32799999999999996,418,0.6459999999999999,394,1131,313,169,130,437,648,70.5,0.35200000000000004,0.34700000000000003,0.496,47.9,41.7,7.7,11.2,0.465,16.9,31.9,0.22699999999999998
Alabama,20,16,12,4,2,8,8,10,10.64,910,0.461,229,0.326,555,0.67,360,1290,458,228,192,513,676,70.2,0.419,0.355,0.55,50.3,50.3,9.0,14.7,0.519,17.8,29.4,0.281
Albany (NY),22,10,14,3,8,7,10,6,-5.41,839,0.457,184,0.36700000000000005,513,0.754,377,1191,405,150,91,371,528,67.3,0.37,0.273,0.55,55.2,48.3,7.0,7.9,0.507,14.7,34.9,0.27899999999999997
Alcorn State,11,21,9,5,2,16,7,11,-8.6,791,0.434,239,0.34299999999999997,423,0.7070000000000001,305,1104,419,200,85,459,613,70.4,0.32799999999999996,0.382,0.532,48.4,53.0,8.8,7.7,0.499,17.9,27.2,0.23199999999999998
American,6,24,4,8,2,16,3,15,-6.17,698,0.43200000000000005,239,0.337,326,0.664,242,869,367,217,98,413,550,67.3,0.304,0.439,0.531,45.1,52.6,10.7,9.1,0.506,18.3,23.7,0.20199999999999999
Appalachian State,15,18,9,4,4,11,9,9,-2.65,864,0.436,292,0.34,500,0.6679999999999999,389,1292,411,198,117,457,627,72.0,0.37799999999999995,0.433,0.539,52.3,47.6,8.2,8.9,0.509,16.3,30.8,0.252
Arizona State,20,12,13,4,4,6,8,10,6.56,888,0.46299999999999997,288,0.363,581,0.733,315,1126,458,209,114,343,604,72.2,0.413,0.413,0.5760000000000001,49.0,51.6,9.0,9.9,0.5379999999999999,13.0,27.9,0.303
Arizona,27,8,15,1,8,3,14,4,6.84,1009,0.504,237,0.369,563,0.76,353,1277,531,173,158,426,603,68.6,0.37,0.321,0.598,55.6,52.6,7.1,12.0,0.563,15.3,33.3,0.281
Little Rock,7,25,5,10,2,14,4,14,-2.21,750,0.42700000000000005,200,0.321,338,0.61,322,1089,391,159,93,459,612,66.6,0.315,0.355,0.505,49.1,52.1,7.4,9.5,0.484,18.5,28.9,0.192
Arkansas-Pine Bluff,14,21,7,3,6,13,12,6,-9.36,815,0.43700000000000006,217,0.32899999999999996,460,0.675,279,1024,427,275,144,500,684,68.4,0.366,0.354,0.528,43.6,52.4,11.4,11.7,0.496,18.6,24.0,0.247
Arkansas State,11,21,7,7,4,13,6,12,-3.02,841,0.44,236,0.34,451,0.718,359,1072,344,215,95,419,589,70.4,0.32899999999999996,0.364,0.536,48.6,40.9,9.5,7.9,0.502,15.9,30.6,0.23600000000000002
Arkansas,23,12,15,2,3,7,10,8,9.85,1005,0.474,269,0.395,540,0.6809999999999999,351,1208,501,218,163,381,700,71.3,0.374,0.321,0.565,48.9,49.9,8.6,13.8,0.5379999999999999,13.2,28.7,0.255
Army,13,17,6,5,4,12,6,12,-7.17,820,0.444,295,0.38299999999999995,295,0.6579999999999999,302,1073,501,170,83,403,593,71.7,0.243,0.418,0.542,49.6,61.1,7.9,8.2,0.524,16.4,27.1,0.16
Auburn,26,8,15,1,7,4,13,5,7.29,906,0.431,324,0.35700000000000004,647,0.774,407,1290,481,252,180,411,672,73.4,0.39799999999999996,0.43200000000000005,0.557,51.7,53.1,10.1,15.2,0.508,14.1,32.0,0.308
Austin Peay,19,15,13,5,5,9,12,6,-2.49,915,0.455,202,0.341,480,0.6509999999999999,444,1209,453,225,103,478,671,70.1,0.366,0.294,0.532,52.2,49.5,9.4,8.9,0.505,16.8,35.7,0.239
Ball State,19,13,14,2,5,10,10,8,-1.99,856,0.452,245,0.337,453,0.705,320,1210,453,170,112,423,547,71.1,0.33899999999999997,0.384,0.5479999999999999,51.1,52.9,7.4,8.9,0.516,16.1,27.9,0.239
Baylor,19,15,15,5,2,9,8,10,9.17,941,0.469,217,0.35700000000000004,470,0.7340000000000001,400,1292,516,185,152,463,608,68.5,0.319,0.303,0.556,54.2,54.8,7.9,12.2,0.523,16.7,35.6,0.23399999999999999
Belmont,24,9,14,2,9,6,15,3,-2.88,901,0.486,378,0.376,382,0.7390000000000001,258,1133,529,161,82,410,531,68.5,0.27899999999999997,0.542,0.61,51.5,58.7,7.1,6.5,0.588,16.3,25.2,0.20600000000000002
Bethune-Cookman,18,14,10,3,8,10,12,4,-12.48,903,0.44299999999999995,241,0.318,575,0.701,424,1346,501,202,123,507,670,77.7,0.402,0.37200000000000005,0.54,52.1,55.5,8.1,8.9,0.502,17.3,33.5,0.282
Binghamton,11,20,7,7,3,12,2,14,-6.36,787,0.44299999999999995,235,0.35,338,0.64,283,1066,376,170,131,381,522,67.9,0.297,0.37799999999999995,0.53,49.6,47.8,8.0,11.6,0.51,15.8,26.0,0.19
Boise State,23,9,15,1,6,6,13,5,3.05,878,0.461,307,0.379,439,0.738,321,1232,427,183,70,433,573,70.7,0.313,0.425,0.5720000000000001,55.9,48.6,8.0,5.9,0.542,16.5,29.4,0.231
Boston College,19,16,14,3,2,11,7,11,7.2,948,0.45,298,0.359,479,0.741,369,1293,492,175,110,441,570,70.1,0.307,0.395,0.5539999999999999,51.6,51.9,7.1,8.8,0.521,15.5,29.6,0.228
Boston University,15,16,6,7,9,9,10,8,-5.84,800,0.462,229,0.373,357,0.639,301,1044,420,229,103,427,531,68.7,0.32299999999999995,0.355,0.5479999999999999,50.1,52.5,10.8,9.8,0.529,17.6,29.0,0.20600000000000002
Bowling Green State,16,16,9,6,6,9,7,11,-2.88,827,0.42100000000000004,241,0.349,534,0.732,372,1226,425,189,82,408,569,71.9,0.37200000000000005,0.35200000000000004,0.526,51.2,51.4,8.1,6.6,0.483,15.0,30.0,0.272
Bradley,20,13,13,2,4,9,9,9,0.36,768,0.43,217,0.354,470,0.7070000000000001,359,1178,447,214,133,441,626,66.3,0.37200000000000005,0.34299999999999997,0.528,51.8,58.2,9.8,12.9,0.49,17.3,31.9,0.263
Brigham Young,24,11,13,3,7,6,11,7,1.53,919,0.48200000000000004,225,0.34700000000000003,537,0.75,242,1146,533,224,133,403,596,67.9,0.376,0.341,0.579,51.0,58.0,9.3,11.0,0.541,15.2,22.4,0.282
Brown,11,16,8,5,3,11,4,10,-4.67,695,0.426,186,0.316,504,0.7559999999999999,310,988,338,174,81,364,565,72.7,0.409,0.361,0.534,50.7,48.6,8.7,8.1,0.483,15.7,30.3,0.309
Bryant,3,28,1,11,2,17,2,16,-5.43,771,0.41,259,0.34299999999999997,368,0.705,312,1000,417,190,43,401,600,71.0,0.278,0.401,0.509,44.7,54.1,8.6,3.9,0.479,15.9,26.1,0.196
Bucknell,25,10,15,1,10,8,16,2,-3.46,965,0.47100000000000003,280,0.348,627,0.7190000000000001,325,1281,505,194,152,437,655,72.4,0.425,0.392,0.5760000000000001,50.8,52.3,7.5,10.4,0.539,15.1,27.0,0.306
Buffalo,27,9,14,1,8,5,15,3,0.25,1105,0.473,351,0.37,486,0.6990000000000001,430,1388,597,225,146,446,755,73.9,0.298,0.406,0.5720000000000001,51.4,54.0,8.4,10.1,0.5489999999999999,14.3,31.8,0.20800000000000002
Butler,21,14,14,3,3,7,9,9,10.55,1020,0.473,287,0.35700000000000004,436,0.7759999999999999,324,1198,489,232,100,391,642,69.6,0.261,0.374,0.57,51.3,47.9,9.3,8.2,0.54,13.9,27.4,0.20199999999999999
Cal Poly,9,22,7,6,1,13,4,12,-1.83,721,0.397,267,0.358,373,0.78,291,1034,372,154,122,366,565,66.6,0.263,0.41100000000000003,0.509,47.5,51.6,7.3,10.2,0.47,15.2,25.8,0.205
Cal State Bakersfield,12,18,8,4,3,12,5,9,-0.73,697,0.41700000000000004,185,0.302,402,0.696,343,1068,387,182,87,416,597,67.4,0.34600000000000003,0.36700000000000005,0.509,51.4,55.5,9.0,9.6,0.473,17.6,32.3,0.24100000000000002
Cal State Fullerton,20,12,9,4,7,7,10,6,-1.02,804,0.467,167,0.33399999999999996,543,0.7290000000000001,280,1123,403,201,106,455,578,69.9,0.433,0.29100000000000004,0.5589999999999999,51.1,50.1,8.9,8.6,0.516,18.0,27.1,0.316
Cal State Northridge,6,24,4,9,2,13,3,13,-3.55,731,0.433,186,0.36200000000000004,335,0.708,247,940,366,149,74,365,533,66.5,0.28,0.304,0.518,46.0,50.1,7.4,6.3,0.488,16.0,24.0,0.198
UC-Davis,22,11,10,2,9,7,12,4,-1.84,834,0.465,213,0.37200000000000005,505,0.716,267,1064,409,233,77,425,644,67.3,0.39299999999999996,0.319,0.561,48.4,49.0,10.2,6.9,0.525,16.7,24.9,0.282
UC-Irvine,18,17,7,5,7,10,11,5,-0.33,900,0.43700000000000006,220,0.335,420,0.708,420,1443,430,178,140,487,719,68.5,0.28800000000000003,0.319,0.521,55.0,47.8,7.4,10.7,0.49,17.2,33.1,0.204
UC-Riverside,9,22,6,8,3,13,4,12,-1.53,716,0.402,185,0.31,407,0.7020000000000001,310,1089,389,190,95,428,617,69.8,0.326,0.336,0.493,47.7,54.3,8.7,8.9,0.45399999999999996,17.2,26.9,0.22899999999999998
UC-Santa Barbara,23,9,12,2,9,6,11,5,-3.36,877,0.46399999999999997,257,0.381,414,0.6970000000000001,326,1176,481,154,118,337,536,68.1,0.314,0.35600000000000004,0.5579999999999999,52.1,54.8,7.0,9.8,0.532,13.4,29.3,0.21899999999999997
University of California,8,24,5,12,3,8,2,16,6.06,767,0.406,148,0.28600000000000003,484,0.675,426,1140,313,220,154,470,648,70.6,0.38,0.275,0.486,50.5,40.8,9.7,14.0,0.446,17.4,34.7,0.256
Campbell,18,16,14,4,4,11,10,8,-6.68,891,0.47700000000000004,313,0.38799999999999996,486,0.75,231,1085,482,228,137,403,579,68.6,0.34700000000000003,0.43200000000000005,0.593,48.5,54.1,9.7,11.1,0.561,15.6,21.5,0.26
Canisius,21,12,11,3,8,8,15,3,-4.8,901,0.46399999999999997,304,0.348,413,0.711,336,1101,553,232,95,430,624,69.9,0.299,0.45,0.568,49.5,61.4,10.0,8.1,0.542,16.2,29.9,0.213
Central Arkansas,18,17,9,5,8,11,10,8,-5.97,980,0.45299999999999996,286,0.35600000000000004,573,0.735,359,1271,566,233,180,480,690,74.3,0.361,0.37200000000000005,0.557,47.5,57.8,8.8,12.1,0.519,15.9,27.2,0.265
Central Connecticut State,14,18,8,4,6,14,7,11,-7.59,788,0.45299999999999996,198,0.32899999999999996,397,0.6990000000000001,321,1130,397,161,107,473,549,66.3,0.326,0.345,0.54,52.3,50.4,7.4,9.7,0.51,19.1,31.1,0.228
Central Florida,19,13,12,4,5,6,9,9,3.75,690,0.424,177,0.32899999999999996,450,0.6409999999999999,305,1108,339,169,111,431,488,64.9,0.431,0.331,0.512,50.5,49.1,8.1,9.4,0.478,18.0,28.5,0.27699999999999997
Central Michigan,21,15,12,5,6,9,7,11,-3.24,953,0.436,356,0.34299999999999997,573,0.8059999999999999,408,1305,492,228,119,417,573,69.1,0.325,0.474,0.561,50.7,51.6,9.0,9.4,0.517,14.2,31.4,0.262
Charleston Southern,15,16,9,6,6,10,9,9,-6.15,802,0.447,208,0.33,420,0.723,345,1071,368,224,106,408,517,67.5,0.324,0.35200000000000004,0.539,51.2,45.9,10.5,11.8,0.505,16.5,31.6,0.23399999999999999
Charlotte,6,23,4,11,2,12,2,16,0.27,706,0.43200000000000005,198,0.35200000000000004,456,0.716,270,990,319,165,65,428,524,72.2,0.39,0.345,0.5329999999999999,48.7,45.2,7.8,5.7,0.493,18.1,26.3,0.27899999999999997
Chattanooga,10,23,8,8,1,14,3,15,-4.05,784,0.435,276,0.35600000000000004,445,0.711,307,1072,421,166,69,460,507,67.4,0.34700000000000003,0.43,0.545,49.2,53.7,7.3,5.6,0.511,18.0,27.2,0.247
Chicago State,3,29,3,8,0,19,1,13,1.17,774,0.408,169,0.308,454,0.7240000000000001,323,1042,367,232,81,483,697,74.0,0.33,0.289,0.494,45.5,47.4,9.8,7.0,0.452,18.0,26.7,0.239
Cincinnati,31,5,15,1,9,2,16,2,3.53,944,0.45,262,0.353,523,0.6920000000000001,479,1413,570,256,194,404,561,66.1,0.36,0.353,0.5429999999999999,55.6,60.4,10.8,15.8,0.512,14.1,38.5,0.249
Citadel,11,21,7,8,3,12,5,13,-2.94,889,0.414,386,0.341,475,0.706,376,1183,528,301,99,477,586,79.6,0.313,0.527,0.535,46.1,59.4,11.7,8.2,0.504,16.2,27.5,0.221
Clemson,25,10,15,1,4,6,11,7,9.25,899,0.456,288,0.366,498,0.755,313,1256,463,198,169,414,564,67.5,0.335,0.39899999999999997,0.5660000000000001,51.7,51.5,8.3,13.3,0.529,15.3,27.1,0.253
Cleveland State,12,23,7,7,2,15,6,12,-3.64,853,0.434,294,0.341,402,0.703,270,1063,456,231,90,458,595,69.2,0.29100000000000004,0.439,0.537,44.3,53.5,9.5,7.3,0.509,17.0,22.2,0.205
Coastal Carolina,14,18,7,9,5,7,8,10,-2.4,787,0.434,218,0.33,506,0.721,388,1244,418,171,116,479,608,69.0,0.387,0.364,0.535,54.2,53.1,7.7,11.5,0.494,18.2,34.5,0.27899999999999997
Colgate,19,14,13,3,6,11,12,6,-5.73,829,0.43700000000000006,309,0.361,427,0.774,299,1083,426,201,110,363,542,67.5,0.29100000000000004,0.451,0.5539999999999999,49.0,51.4,9.0,10.0,0.518,14.4,26.2,0.225
College of Charleston,26,8,14,0,7,6,14,4,-3.29,875,0.45899999999999996,259,0.36,527,0.754,286,1129,387,177,119,339,563,65.9,0.36700000000000005,0.37799999999999995,0.5670000000000001,49.6,44.2,7.8,9.8,0.527,13.2,25.7,0.27699999999999997
Colorado State,11,21,8,8,3,10,4,14,3.79,811,0.418,225,0.32899999999999996,467,0.7170000000000001,375,1200,409,190,102,426,624,71.4,0.335,0.35200000000000004,0.514,50.7,50.4,8.2,9.5,0.47600000000000003,15.9,30.7,0.24100000000000002
Colorado,17,15,12,3,1,10,8,10,7.0,810,0.44,241,0.359,446,0.7290000000000001,324,1200,409,140,122,451,619,69.5,0.33299999999999996,0.365,0.542,52.4,50.5,6.2,10.5,0.506,17.5,29.4,0.243
Columbia,8,19,7,5,1,14,5,9,-3.02,746,0.442,269,0.36700000000000005,301,0.74,277,962,384,177,93,338,504,71.0,0.24100000000000002,0.435,0.5489999999999999,49.0,51.5,9.2,10.4,0.522,15.2,27.6,0.179
Connecticut,14,18,11,5,2,9,7,11,6.05,762,0.41600000000000004,215,0.326,442,0.745,336,1096,334,190,119,403,592,67.1,0.324,0.36,0.516,48.2,43.8,8.7,11.2,0.475,16.0,29.4,0.24100000000000002
Coppin State,5,27,4,6,1,20,5,11,-7.25,657,0.36,265,0.305,366,0.736,273,1082,338,172,82,462,649,69.1,0.272,0.47600000000000003,0.47200000000000003,44.8,51.4,7.6,7.0,0.433,18.3,22.3,0.201
Cornell,12,16,8,4,4,11,6,8,-3.24,744,0.461,217,0.34,419,0.73,232,961,449,144,98,376,499,70.7,0.35600000000000004,0.396,0.563,48.0,60.3,7.1,8.7,0.529,16.6,24.2,0.26
Creighton,21,12,16,2,4,7,10,8,8.1,1008,0.49200000000000005,343,0.37200000000000005,397,0.748,249,1206,588,187,88,371,501,72.8,0.259,0.45,0.599,51.0,58.3,7.7,6.7,0.575,13.9,22.5,0.19399999999999998
Dartmouth,7,20,6,6,1,14,3,11,-4.0,651,0.44799999999999995,200,0.359,339,0.7140000000000001,208,847,359,152,86,365,421,67.8,0.327,0.38299999999999995,0.5479999999999999,48.5,55.1,8.3,9.3,0.517,17.9,23.7,0.233
Davidson,21,12,11,1,6,8,13,5,2.57,899,0.48,353,0.389,368,0.7979999999999999,229,1078,551,155,65,315,503,65.3,0.24600000000000002,0.484,0.602,50.8,61.3,7.1,6.1,0.574,13.1,22.6,0.196
Dayton,14,17,12,4,1,10,8,10,2.7,804,0.48100000000000004,248,0.337,388,0.731,240,968,488,162,78,426,510,67.0,0.318,0.44,0.583,49.7,60.7,7.7,7.3,0.555,18.1,25.5,0.23199999999999998
Delaware State,4,28,4,9,0,18,2,14,-9.32,742,0.41700000000000004,192,0.325,358,0.6940000000000001,340,1066,348,189,83,489,560,66.9,0.29,0.332,0.502,48.2,46.9,8.7,8.2,0.47100000000000003,19.4,30.4,0.201
Delaware,14,19,7,8,4,10,6,12,-2.96,859,0.457,192,0.32899999999999996,428,0.6509999999999999,314,1150,386,164,75,354,554,67.0,0.349,0.311,0.5329999999999999,50.2,44.9,7.4,6.4,0.508,13.9,27.2,0.228
Denver,15,15,10,4,3,9,8,6,-2.54,803,0.473,211,0.4,375,0.6940000000000001,311,1107,452,129,72,451,561,68.7,0.318,0.31,0.56,54.4,56.3,6.2,7.4,0.535,18.7,31.4,0.221
DePaul,11,20,6,10,4,7,4,14,8.45,819,0.428,194,0.31,398,0.708,383,1160,465,200,94,430,553,71.2,0.294,0.327,0.512,51.7,56.8,9.0,9.2,0.479,16.5,32.9,0.20800000000000002
Detroit Mercy,8,24,5,11,2,11,4,14,-2.07,883,0.435,281,0.345,469,0.755,337,1114,437,212,88,435,649,75.4,0.306,0.401,0.541,47.5,49.5,8.8,7.1,0.504,15.8,27.8,0.231
Drake,17,17,11,3,4,11,10,8,0.59,862,0.43700000000000006,289,0.364,493,0.77,279,1158,504,204,86,412,530,69.3,0.325,0.40299999999999997,0.551,48.4,58.5,8.5,6.7,0.51,15.3,23.4,0.25
Drexel,13,20,9,5,2,11,6,12,-2.48,880,0.441,227,0.325,467,0.723,369,1197,380,176,138,409,583,70.1,0.324,0.35100000000000003,0.5329999999999999,49.9,43.2,7.5,10.0,0.498,15.1,30.7,0.23399999999999999
Duke,29,8,15,1,6,5,13,5,9.71,1125,0.49200000000000005,309,0.37200000000000005,562,0.71,496,1519,648,275,185,460,574,70.6,0.34600000000000003,0.363,0.586,55.5,57.6,10.5,12.4,0.5589999999999999,14.7,38.8,0.24600000000000002
Duquesne,16,16,13,6,2,7,7,11,-3.33,801,0.42700000000000005,261,0.35,454,0.685,387,1148,382,186,140,383,598,66.5,0.354,0.39799999999999996,0.529,51.2,47.7,8.5,11.7,0.49700000000000005,14.9,33.0,0.242
East Carolina,10,20,8,11,2,8,4,14,-0.22,741,0.43,182,0.305,329,0.6659999999999999,292,1020,388,148,93,431,530,68.8,0.287,0.34600000000000003,0.509,47.9,52.4,7.1,7.9,0.483,18.0,27.8,0.191
East Tennessee State,25,9,12,4,11,4,14,4,-4.09,926,0.473,244,0.34299999999999997,460,0.71,352,1265,500,265,146,454,613,69.7,0.331,0.363,0.564,52.9,54.0,11.2,12.7,0.536,16.7,31.2,0.235
Eastern Illinois,12,19,7,6,4,12,7,11,-3.4,732,0.424,224,0.35700000000000004,377,0.684,332,1064,392,182,138,417,509,66.4,0.319,0.363,0.519,49.9,53.6,8.8,13.1,0.489,17.3,30.3,0.218
Eastern Kentucky,11,20,6,7,5,12,5,13,-3.68,778,0.43700000000000006,226,0.354,448,0.747,297,1022,405,193,113,401,542,69.8,0.337,0.359,0.54,48.0,52.1,8.9,9.9,0.501,16.3,27.6,0.252
Eastern Michigan,22,13,14,3,7,9,11,7,-2.81,933,0.46399999999999997,234,0.335,409,0.6829999999999999,357,1230,450,303,227,447,559,67.5,0.298,0.34700000000000003,0.547,49.7,48.2,12.7,18.6,0.522,16.3,30.0,0.203
Eastern Washington,20,15,11,1,6,12,13,5,-1.55,936,0.46399999999999997,310,0.374,437,0.764,258,1163,440,185,106,402,667,69.2,0.284,0.41100000000000003,0.5720000000000001,49.6,47.0,7.6,8.1,0.541,14.9,22.4,0.217
Elon,14,18,8,5,4,12,6,12,-1.69,842,0.439,337,0.349,325,0.711,258,1140,507,140,66,373,494,68.0,0.239,0.504,0.55,48.2,60.2,6.2,5.8,0.527,14.9,22.6,0.17
Evansville,17,15,15,3,2,10,7,11,1.35,731,0.442,184,0.41100000000000003,448,0.775,247,1058,417,190,92,431,568,65.7,0.35,0.271,0.5429999999999999,50.8,57.0,9.0,9.5,0.498,18.3,24.8,0.271
Fairfield,17,16,10,3,3,10,9,9,-3.68,881,0.439,303,0.33899999999999997,441,0.71,299,1159,487,211,95,421,663,72.1,0.309,0.444,0.544,48.3,55.3,8.7,7.6,0.514,15.4,24.4,0.22
Fairleigh Dickinson,13,18,8,5,5,13,9,9,-5.66,842,0.451,213,0.342,416,0.726,339,1067,416,220,100,426,561,71.8,0.307,0.33399999999999996,0.54,48.3,49.4,9.9,8.7,0.508,16.6,30.8,0.223
Florida A&M,9,25,6,4,2,20,7,9,-8.34,831,0.419,217,0.35200000000000004,464,0.7240000000000001,348,1094,370,194,104,471,612,69.5,0.324,0.311,0.513,45.2,44.5,8.1,7.8,0.474,17.1,27.8,0.23399999999999999
Florida Atlantic,12,19,7,7,4,10,6,12,-0.14,790,0.41,179,0.325,396,0.7390000000000001,357,1194,376,182,124,393,557,70.9,0.278,0.28600000000000003,0.493,50.6,47.6,8.2,10.0,0.456,15.3,29.2,0.205
Florida Gulf Coast,23,12,14,6,9,6,12,2,-5.44,1045,0.494,254,0.363,503,0.74,368,1338,535,256,97,494,653,73.3,0.321,0.33,0.583,53.8,51.2,10.0,7.6,0.5539999999999999,16.8,31.7,0.23800000000000002
Florida International,14,18,11,7,3,9,8,10,-1.99,815,0.426,203,0.321,429,0.609,319,1150,378,242,102,354,585,69.8,0.368,0.331,0.503,47.8,46.4,10.6,9.0,0.479,13.6,25.4,0.22399999999999998
Florida State,23,12,13,2,4,7,9,9,8.5,994,0.46799999999999997,273,0.35,543,0.691,398,1322,523,241,186,456,652,72.2,0.37,0.368,0.562,51.8,52.6,9.4,14.0,0.532,15.4,32.0,0.256
Florida,21,13,12,5,5,4,11,7,10.08,893,0.43200000000000005,308,0.37,483,0.718,367,1198,445,237,164,335,591,68.4,0.326,0.40299999999999997,0.54,48.5,49.8,10.1,12.7,0.507,12.3,28.7,0.23399999999999999
Fordham,9,22,8,9,1,10,4,14,1.26,692,0.41200000000000003,227,0.28800000000000003,320,0.708,199,884,419,283,74,386,491,66.8,0.26899999999999996,0.46799999999999997,0.51,42.6,60.5,13.6,6.4,0.479,16.9,18.8,0.19
Fresno State,21,11,12,5,8,5,11,7,1.84,885,0.49,216,0.39399999999999996,473,0.6940000000000001,293,1082,415,217,104,384,626,68.5,0.37799999999999995,0.304,0.578,51.9,46.9,9.8,9.3,0.55,15.3,28.2,0.262
Furman,23,10,13,3,7,6,13,5,-3.64,942,0.47,338,0.35600000000000004,397,0.713,317,1157,526,265,72,382,531,70.5,0.278,0.474,0.5770000000000001,50.1,55.8,11.3,6.0,0.5539999999999999,14.4,27.6,0.198
Gardner-Webb,14,18,11,2,3,13,9,9,-3.79,822,0.444,236,0.349,378,0.7190000000000001,300,1141,415,195,92,437,568,69.1,0.284,0.365,0.5379999999999999,50.7,50.5,8.7,8.5,0.508,17.2,26.9,0.204
George Mason,16,17,10,7,5,7,9,9,0.83,841,0.43200000000000005,230,0.326,459,0.742,329,1213,378,200,96,425,541,69.6,0.318,0.36200000000000004,0.529,50.8,44.9,8.6,8.0,0.491,15.9,27.9,0.23600000000000002
George Washington,15,18,13,5,1,10,7,11,2.13,832,0.447,180,0.321,381,0.7090000000000001,350,1120,440,189,163,419,486,66.3,0.289,0.301,0.526,50.8,52.9,8.6,13.1,0.495,16.5,31.7,0.205
Georgetown,15,15,11,8,4,6,5,13,5.29,800,0.45399999999999996,226,0.366,524,0.775,327,1151,522,164,110,458,531,71.6,0.38299999999999995,0.35100000000000003,0.564,53.3,65.3,7.4,9.8,0.518,18.0,31.2,0.297
Georgia Southern,21,12,10,3,8,7,11,7,-3.28,857,0.43,267,0.341,523,0.6629999999999999,401,1248,333,227,120,372,633,70.5,0.396,0.39399999999999996,0.529,49.5,38.9,9.7,10.4,0.49700000000000005,13.6,31.1,0.263
Georgia State,24,11,11,3,9,6,12,6,-2.78,937,0.461,323,0.385,417,0.6779999999999999,309,1182,455,256,160,395,639,67.9,0.303,0.413,0.562,47.7,48.6,10.7,15.1,0.54,14.5,26.0,0.205
Georgia Tech,13,19,12,7,1,10,6,12,7.47,753,0.425,156,0.318,439,0.713,334,1084,409,221,171,411,533,66.5,0.348,0.27699999999999997,0.509,50.0,54.3,10.3,14.3,0.469,16.6,30.8,0.248
Georgia,18,15,11,4,4,9,7,11,8.87,767,0.42,201,0.318,512,0.6990000000000001,406,1301,402,126,156,420,533,65.3,0.401,0.34600000000000003,0.517,53.6,52.4,5.8,12.7,0.475,16.2,34.8,0.281
Gonzaga,32,5,15,1,10,1,17,1,2.59,1125,0.498,328,0.368,513,0.708,413,1477,564,234,134,420,631,69.7,0.321,0.39399999999999996,0.593,56.0,50.1,8.9,9.6,0.57,13.9,32.9,0.22699999999999998
Grambling,17,14,6,4,11,10,13,5,-10.3,777,0.42,154,0.32799999999999996,547,0.711,378,1193,342,239,113,477,674,73.8,0.415,0.254,0.509,50.7,44.0,10.4,9.7,0.461,17.7,32.0,0.295
Grand Canyon,22,12,16,3,3,7,9,5,-4.81,855,0.429,251,0.322,551,0.7020000000000001,405,1310,540,211,134,450,685,70.3,0.39399999999999996,0.391,0.531,51.4,63.2,8.8,10.1,0.49200000000000005,16.0,31.5,0.27699999999999997
Green Bay,13,20,10,6,2,13,7,11,-4.08,859,0.424,295,0.363,504,0.752,334,1241,459,226,100,453,635,74.1,0.331,0.401,0.537,48.7,53.4,9.2,7.8,0.49700000000000005,16.2,26.3,0.249
Hampton,18,16,11,3,5,11,11,4,-9.57,970,0.446,198,0.316,565,0.777,385,1372,518,183,123,440,672,75.0,0.335,0.289,0.537,50.9,53.4,7.1,8.9,0.49200000000000005,14.9,29.6,0.26
Hartford,19,14,9,7,9,6,11,5,-5.26,835,0.45399999999999996,270,0.345,386,0.6779999999999999,278,1100,433,200,123,402,601,67.7,0.309,0.426,0.551,48.9,51.9,8.9,11.2,0.527,16.0,25.2,0.21
Harvard,18,14,10,2,6,11,12,2,-1.7,764,0.43,257,0.353,397,0.775,284,1115,406,173,118,445,575,66.5,0.28800000000000003,0.41100000000000003,0.541,52.0,53.1,8.0,11.4,0.503,18.1,26.7,0.22399999999999998
Hawaii,17,13,13,7,4,5,8,8,-2.5,721,0.442,202,0.33,460,0.687,266,995,428,169,59,402,584,68.9,0.41100000000000003,0.376,0.54,50.8,59.4,8.1,5.7,0.504,17.1,26.6,0.282
High Point,14,16,11,4,3,11,9,9,-6.37,775,0.45799999999999996,163,0.35700000000000004,413,0.7020000000000001,324,1039,353,222,82,375,545,67.1,0.348,0.27,0.54,51.6,45.5,11.0,8.5,0.507,16.0,31.9,0.244
Hofstra,19,12,9,4,9,4,12,6,-1.6,868,0.465,260,0.375,468,0.682,341,1103,413,156,83,334,576,70.3,0.36700000000000005,0.371,0.562,51.4,47.6,7.1,7.0,0.534,13.2,31.0,0.251
Holy Cross,12,19,6,7,6,10,8,10,-5.83,724,0.461,203,0.326,321,0.69,178,880,421,193,105,381,537,63.7,0.29600000000000004,0.397,0.551,45.0,58.1,9.7,11.4,0.526,17.6,19.3,0.205
Houston Baptist,6,25,5,8,1,16,2,16,-3.96,860,0.418,219,0.32299999999999995,443,0.624,477,1219,432,206,90,438,605,75.5,0.345,0.32899999999999996,0.49700000000000005,50.9,50.2,8.7,7.5,0.47100000000000003,15.5,35.6,0.215
Houston,27,8,15,0,6,5,14,4,4.16,952,0.461,297,0.387,484,0.718,408,1352,505,218,106,418,737,68.5,0.326,0.37200000000000005,0.563,54.6,53.0,9.1,9.0,0.5329999999999999,14.9,33.6,0.23399999999999999
Howard,10,23,7,4,2,18,7,9,-9.75,847,0.424,268,0.34700000000000003,487,0.708,372,1153,407,178,93,442,676,71.3,0.345,0.387,0.527,46.8,48.1,7.4,7.3,0.491,16.0,29.5,0.244
Idaho State,14,16,9,5,5,10,9,9,-3.7,778,0.475,252,0.396,403,0.6779999999999999,204,962,354,169,72,408,525,70.8,0.36200000000000004,0.389,0.575,48.0,45.5,8.0,6.1,0.552,17.5,21.3,0.24600000000000002
Idaho,22,9,11,2,9,4,14,4,-3.94,819,0.46799999999999997,277,0.408,415,0.735,309,1138,459,135,80,411,553,68.0,0.32299999999999995,0.38799999999999996,0.5770000000000001,54.8,56.0,6.4,7.8,0.547,16.9,31.4,0.237
Illinois-Chicago,20,16,11,7,9,8,12,6,-4.21,951,0.45,242,0.34700000000000003,564,0.7340000000000001,371,1384,451,244,242,544,687,73.6,0.363,0.33,0.546,50.9,47.4,9.2,16.1,0.507,18.0,28.8,0.267
Illinois State,18,15,11,3,3,10,10,8,3.67,813,0.424,301,0.341,437,0.6829999999999999,317,1171,468,216,131,438,677,69.3,0.33399999999999996,0.461,0.532,47.6,57.6,9.2,11.2,0.503,16.5,25.9,0.228
Illinois,14,18,12,6,1,10,4,14,7.53,856,0.439,236,0.335,478,0.732,398,1053,442,240,69,425,720,70.8,0.335,0.36200000000000004,0.537,49.8,51.6,10.5,6.3,0.5,15.8,34.1,0.245
Incarnate Word,7,21,6,9,1,12,2,16,-5.04,671,0.428,166,0.337,470,0.746,280,976,311,169,143,442,521,72.5,0.402,0.315,0.53,47.6,46.3,8.3,12.3,0.48100000000000004,19.2,28.3,0.3
Indiana State,13,18,8,7,5,7,8,10,2.43,762,0.423,270,0.361,454,0.705,322,1124,360,233,105,445,614,70.1,0.35700000000000004,0.415,0.5329999999999999,51.1,47.2,10.4,9.7,0.498,17.4,28.2,0.252
Indiana,16,15,12,6,3,8,9,9,8.25,806,0.456,194,0.322,423,0.657,345,1099,435,199,134,386,561,67.5,0.364,0.341,0.5379999999999999,51.0,54.0,9.4,12.1,0.511,15.7,31.8,0.239
Iona,20,14,8,3,7,8,11,7,-2.19,957,0.461,324,0.38299999999999995,462,0.738,291,1146,542,229,103,395,587,71.5,0.302,0.408,0.569,47.2,56.6,9.3,7.6,0.539,14.3,24.4,0.223
Iowa State,13,18,9,7,0,10,4,14,9.49,817,0.43700000000000006,234,0.358,390,0.7,338,1134,423,149,129,369,508,69.6,0.298,0.349,0.529,49.5,51.8,6.9,11.1,0.499,14.7,29.6,0.209
Iowa,14,19,9,6,1,10,4,14,7.13,946,0.479,252,0.375,486,0.695,391,1258,602,172,134,441,548,71.0,0.354,0.34,0.57,53.5,63.6,7.3,10.3,0.5429999999999999,16.0,34.1,0.24600000000000002
Purdue-Fort Wayne,18,15,13,3,4,10,7,7,-3.24,953,0.46,339,0.366,471,0.72,316,1157,484,264,110,391,538,74.6,0.315,0.446,0.57,49.6,50.8,10.7,8.8,0.541,14.1,26.2,0.22699999999999998
IUPUI,11,19,9,4,2,14,8,10,-3.53,731,0.424,213,0.355,372,0.665,346,1022,385,205,103,427,562,68.7,0.324,0.348,0.515,50.0,52.7,9.9,10.2,0.486,17.7,31.7,0.21600000000000003
Jackson State,12,20,9,2,2,17,9,9,-10.49,714,0.37200000000000005,238,0.32899999999999996,325,0.654,401,1087,350,235,89,368,651,65.4,0.259,0.377,0.462,47.5,49.0,11.1,8.8,0.434,14.6,31.0,0.16899999999999998
Jacksonville State,23,13,12,4,9,8,11,7,-4.87,954,0.456,211,0.325,468,0.7120000000000001,412,1371,542,220,176,469,624,67.8,0.314,0.311,0.5379999999999999,54.0,56.8,8.9,14.9,0.507,16.3,33.1,0.22399999999999998
Jacksonville,15,18,10,6,3,12,8,6,-6.12,897,0.45,202,0.336,409,0.6579999999999999,330,1180,415,226,112,472,536,72.4,0.312,0.302,0.525,49.2,46.3,9.3,8.9,0.501,17.1,27.3,0.205
James Madison,10,22,7,7,3,11,6,12,-2.15,812,0.42,231,0.332,486,0.7290000000000001,361,1148,388,228,104,383,670,69.4,0.345,0.36,0.52,49.8,47.8,10.0,9.5,0.48,14.5,29.8,0.251
Kansas State,25,12,14,3,6,5,10,8,8.74,937,0.46299999999999997,254,0.341,502,0.7340000000000001,304,1136,510,294,110,423,684,66.6,0.33799999999999997,0.368,0.56,47.4,54.4,11.9,9.3,0.525,15.3,25.8,0.248
Kansas,31,8,14,3,8,3,13,5,11.87,1165,0.49200000000000005,391,0.401,453,0.708,381,1388,649,254,160,456,597,70.2,0.27,0.41200000000000003,0.594,50.3,55.7,9.2,10.9,0.575,14.6,29.3,0.191
Kennesaw State,10,20,8,6,2,14,6,8,-4.31,805,0.455,160,0.365,412,0.69,307,987,446,216,93,409,540,71.4,0.337,0.247,0.531,48.3,55.4,10.0,7.8,0.5,16.6,29.6,0.233
Kent State,17,17,13,3,2,11,9,9,-1.75,871,0.425,255,0.326,485,0.728,390,1220,393,201,122,442,638,70.3,0.325,0.382,0.525,50.5,45.1,8.4,9.7,0.48700000000000004,15.7,31.7,0.237
Kentucky,26,11,16,2,4,6,10,8,10.73,998,0.47200000000000003,195,0.35700000000000004,649,0.698,441,1431,489,208,176,480,702,69.8,0.44,0.258,0.555,53.6,49.0,8.0,13.7,0.518,15.8,35.5,0.307
La Salle,13,19,10,4,2,10,7,11,2.54,817,0.429,234,0.33,465,0.787,293,1124,410,189,90,374,546,69.0,0.31,0.373,0.534,49.7,50.2,8.3,7.3,0.49,14.6,25.5,0.244
Lafayette,10,21,8,6,2,14,7,11,-6.04,777,0.455,263,0.371,390,0.769,210,1026,386,131,103,411,515,68.9,0.297,0.414,0.5660000000000001,48.5,49.7,6.1,8.8,0.532,17.4,21.1,0.228
Lamar,19,14,11,4,8,7,11,7,-7.22,873,0.431,257,0.34299999999999997,497,0.657,426,1246,449,281,75,430,654,71.1,0.374,0.37,0.524,51.4,51.4,11.8,6.4,0.494,15.3,32.8,0.245
Lehigh,16,14,9,6,7,8,11,7,-5.66,835,0.45299999999999996,293,0.406,373,0.777,269,1074,428,184,53,380,553,71.0,0.26,0.391,0.563,49.9,51.3,8.4,5.1,0.532,15.5,25.4,0.20199999999999999
Liberty,22,15,13,7,7,6,9,9,-6.23,899,0.461,300,0.373,523,0.792,271,1239,521,218,94,438,613,64.1,0.33899999999999997,0.413,0.579,53.1,58.0,9.0,9.1,0.539,16.2,24.0,0.268
Lipscomb,23,10,13,2,10,7,10,4,-3.8,924,0.45299999999999996,267,0.32799999999999996,593,0.718,346,1276,517,216,102,493,656,77.0,0.405,0.39899999999999997,0.557,52.2,56.0,8.4,8.0,0.518,16.9,28.3,0.29100000000000004
Cal State Long Beach,15,18,8,5,6,10,9,7,0.89,866,0.452,196,0.35100000000000003,557,0.728,381,1195,419,218,119,501,592,72.3,0.39899999999999997,0.29100000000000004,0.545,51.2,48.4,9.1,8.9,0.503,18.0,32.5,0.29100000000000004
Long Island University,18,17,12,4,5,11,10,8,-8.19,935,0.455,279,0.342,547,0.696,370,1327,442,194,111,496,687,72.9,0.382,0.397,0.555,51.0,47.3,7.6,7.6,0.523,17.0,29.7,0.266
Longwood,7,26,5,11,2,13,3,15,-4.31,728,0.413,226,0.327,406,0.687,262,1070,327,218,103,516,575,69.7,0.335,0.392,0.511,46.2,44.9,9.5,9.1,0.47700000000000004,20.2,22.9,0.23
Louisiana,27,7,14,1,10,4,16,2,-2.54,971,0.46399999999999997,297,0.363,590,0.7609999999999999,435,1325,591,255,147,455,648,72.7,0.37,0.391,0.575,54.7,60.9,10.3,11.1,0.535,15.6,36.1,0.282
Louisiana-Monroe,16,16,12,4,3,11,9,9,-3.31,811,0.435,288,0.36,325,0.7170000000000001,297,1077,446,207,42,380,535,67.0,0.243,0.43,0.5379999999999999,49.3,55.0,9.6,4.1,0.513,15.5,27.1,0.174
Louisiana State,18,15,14,4,3,8,8,10,8.03,916,0.47600000000000003,268,0.34600000000000003,459,0.731,317,1101,467,252,110,382,585,69.4,0.326,0.402,0.575,49.4,51.0,11.0,9.7,0.545,14.7,29.2,0.23800000000000002
Louisiana Tech,17,16,11,5,2,10,7,11,-0.12,838,0.446,287,0.375,505,0.725,314,1137,470,196,132,405,568,69.1,0.371,0.408,0.5589999999999999,49.6,56.1,8.6,10.4,0.523,15.5,27.6,0.26899999999999996
Louisville,22,14,16,6,4,7,9,9,9.08,969,0.45299999999999996,280,0.371,503,0.736,358,1317,489,251,217,425,585,69.7,0.319,0.35200000000000004,0.552,49.7,50.5,9.9,15.0,0.518,14.7,28.6,0.235
Loyola (IL),32,6,14,1,9,4,15,3,1.81,995,0.507,277,0.396,454,0.725,238,1222,594,241,90,472,528,65.9,0.319,0.35700000000000004,0.602,51.3,59.7,9.6,6.8,0.5770000000000001,17.3,22.4,0.231
Loyola Marymount,11,20,7,7,3,12,5,13,1.09,803,0.44299999999999995,200,0.348,421,0.71,375,1011,439,216,72,407,607,67.8,0.327,0.317,0.531,50.4,54.7,10.2,7.1,0.498,16.3,34.3,0.23199999999999998
Loyola (MD),9,22,8,6,1,16,6,12,-5.25,797,0.43799999999999994,163,0.32,397,0.653,332,1076,360,218,97,414,614,69.7,0.33399999999999996,0.28,0.511,50.3,45.2,10.0,8.9,0.483,16.4,29.4,0.218
Maine,6,26,4,8,2,16,3,13,-3.28,765,0.408,225,0.302,385,0.6890000000000001,306,1131,378,206,94,496,624,71.6,0.298,0.39799999999999996,0.5,47.8,49.4,8.9,8.3,0.46799999999999997,18.8,25.6,0.20600000000000002
Manhattan,14,17,8,3,5,8,9,9,-4.15,737,0.444,239,0.4,434,0.6940000000000001,319,1030,433,186,121,482,616,67.5,0.376,0.36,0.5479999999999999,49.6,58.8,8.7,11.4,0.516,19.8,31.0,0.261
Marist,6,25,4,9,2,10,4,14,-3.57,761,0.445,280,0.349,437,0.7140000000000001,233,1041,369,130,77,488,547,71.5,0.358,0.469,0.56,47.8,48.5,5.8,6.4,0.527,19.6,22.6,0.256
Marquette,21,14,13,7,5,5,9,9,9.7,989,0.475,385,0.41700000000000004,483,0.805,315,1114,551,214,128,431,679,70.4,0.28800000000000003,0.444,0.601,49.0,55.7,8.6,9.6,0.568,15.4,27.6,0.23199999999999998
Marshall,25,11,15,2,6,8,12,6,0.44,1042,0.467,362,0.358,571,0.764,293,1287,615,252,209,476,617,76.3,0.335,0.45299999999999996,0.583,46.7,59.0,9.1,12.7,0.5479999999999999,15.5,22.5,0.256
Maryland-Baltimore County,25,11,15,2,9,7,12,4,-3.84,926,0.44299999999999995,364,0.387,414,0.6459999999999999,348,1245,547,269,87,440,592,69.2,0.307,0.45,0.55,49.1,59.1,10.8,7.3,0.531,15.5,26.8,0.198
Maryland-Eastern Shore,7,25,6,5,0,18,3,13,-7.57,710,0.385,206,0.284,366,0.675,348,1065,347,151,57,417,548,67.6,0.294,0.39299999999999996,0.474,45.8,48.9,7.0,5.0,0.441,16.6,28.2,0.198
Maryland,19,13,15,3,2,8,8,10,7.94,811,0.478,229,0.371,487,0.755,305,1149,452,138,137,438,512,66.6,0.38,0.364,0.584,53.6,55.7,6.5,11.6,0.546,17.9,31.6,0.287
Massachusetts-Lowell,12,18,9,7,3,11,6,10,-5.78,791,0.46,215,0.34600000000000003,489,0.7090000000000001,281,969,435,210,86,405,538,72.1,0.401,0.361,0.5579999999999999,47.0,55.0,9.7,7.2,0.523,16.5,26.7,0.284
Massachusetts,13,20,11,6,1,11,5,13,1.1,861,0.449,293,0.4,359,0.746,300,1084,505,159,98,423,595,67.3,0.251,0.382,0.5529999999999999,48.9,58.7,7.0,7.7,0.525,16.5,27.2,0.187
McNeese State,12,17,7,5,5,12,8,10,-6.1,780,0.436,205,0.34299999999999997,419,0.71,326,1144,327,156,133,416,505,73.5,0.33,0.33399999999999996,0.528,50.6,41.9,7.3,10.6,0.494,16.8,30.1,0.23399999999999999
Memphis,21,13,14,5,5,5,10,8,2.16,828,0.452,201,0.317,551,0.69,391,1166,443,201,129,467,583,66.3,0.436,0.34600000000000003,0.545,51.1,53.5,8.8,11.3,0.507,17.4,35.1,0.301
Mercer,19,15,11,3,7,9,11,7,-3.5,878,0.474,288,0.385,517,0.76,330,1176,490,182,55,424,582,65.8,0.36700000000000005,0.40399999999999997,0.588,54.1,55.8,8.0,5.7,0.551,16.3,31.4,0.27899999999999997
Miami (FL),22,10,11,3,8,4,11,7,6.96,875,0.465,247,0.364,362,0.662,318,1113,424,210,130,367,518,67.8,0.29100000000000004,0.36,0.551,50.6,48.5,9.6,11.0,0.531,14.6,29.1,0.192
Miami (OH),16,18,9,5,6,11,8,10,-1.15,886,0.442,301,0.34299999999999997,376,0.6859999999999999,339,1232,453,257,88,453,569,68.7,0.273,0.43799999999999994,0.54,51.2,51.1,10.8,7.0,0.517,16.7,28.1,0.187
Michigan State,30,5,16,1,8,1,16,2,7.1,991,0.496,290,0.4,535,0.747,405,1439,670,143,251,459,640,68.1,0.359,0.363,0.601,57.6,67.6,6.0,18.5,0.569,16.4,37.0,0.268
Michigan,33,8,15,1,6,5,13,5,9.41,1092,0.46799999999999997,361,0.35700000000000004,474,0.6609999999999999,345,1367,585,261,126,379,643,65.7,0.307,0.433,0.564,50.3,53.6,9.6,8.1,0.545,12.4,25.4,0.203
Middle Tennessee,25,8,12,2,12,2,16,2,2.83,902,0.47100000000000003,241,0.37200000000000005,434,0.742,346,1182,468,201,76,413,651,67.8,0.306,0.33899999999999997,0.565,54.1,51.9,8.9,7.1,0.534,15.9,31.2,0.22699999999999998
Milwaukee,16,17,9,7,6,9,8,10,-4.25,834,0.446,235,0.33399999999999996,356,0.674,291,1146,429,196,125,412,545,67.5,0.282,0.376,0.532,50.8,51.4,8.7,10.7,0.508,16.3,25.6,0.19
Minnesota,15,17,11,6,2,9,4,14,6.91,850,0.431,218,0.34600000000000003,487,0.7040000000000001,371,1221,467,181,163,352,492,70.2,0.35100000000000003,0.32,0.523,50.0,54.9,8.0,12.7,0.48700000000000004,13.3,29.9,0.247
Mississippi State,25,12,19,2,4,8,9,9,6.82,1000,0.465,256,0.319,460,0.691,398,1335,491,243,198,483,614,68.4,0.31,0.373,0.55,51.4,49.1,9.5,14.8,0.524,16.4,31.8,0.214
Mississippi Valley State,4,28,3,6,1,21,4,14,-8.13,758,0.38299999999999995,171,0.301,388,0.675,395,1138,327,186,56,421,658,69.9,0.29100000000000004,0.287,0.461,47.2,43.1,8.2,5.2,0.426,15.7,29.8,0.196
Mississippi,12,20,10,8,1,10,5,13,9.16,841,0.42100000000000004,251,0.319,493,0.73,395,1215,468,200,131,365,609,70.7,0.33799999999999997,0.39399999999999996,0.523,49.7,55.6,8.7,11.2,0.483,13.6,31.3,0.247
Missouri-Kansas City,10,22,6,8,3,11,5,9,-1.02,756,0.40700000000000003,284,0.336,455,0.711,260,1018,354,202,81,411,681,72.4,0.344,0.455,0.52,44.0,46.8,8.7,6.7,0.483,16.0,21.7,0.245
Missouri State,18,15,10,5,4,8,7,11,0.45,851,0.436,234,0.331,377,0.715,390,1276,425,153,134,382,575,66.2,0.27,0.36200000000000004,0.525,54.0,49.9,7.0,11.2,0.496,14.8,33.2,0.193
Missouri,20,13,13,3,5,6,10,8,9.19,794,0.45,306,0.38299999999999995,505,0.7340000000000001,333,1225,443,170,140,469,594,67.3,0.39,0.45299999999999996,0.573,53.2,55.8,7.6,11.3,0.537,18.3,31.2,0.28600000000000003
Monmouth,11,20,6,6,4,12,7,11,-1.24,787,0.45799999999999996,223,0.389,539,0.711,276,1115,399,197,73,473,674,71.0,0.441,0.33399999999999996,0.562,51.0,50.7,8.7,7.4,0.523,18.5,26.6,0.314
Montana State,13,19,8,6,3,12,6,12,-3.53,817,0.424,257,0.35200000000000004,543,0.728,358,1168,401,176,66,399,645,72.1,0.387,0.379,0.5329999999999999,50.1,49.1,7.5,5.6,0.49,14.9,29.0,0.281
Montana,26,8,14,0,8,6,16,2,-2.25,944,0.467,186,0.33899999999999997,551,0.706,402,1258,428,264,114,422,716,69.9,0.386,0.272,0.5489999999999999,53.3,45.3,10.9,9.2,0.513,15.0,33.3,0.273
Morehead State,8,21,7,6,1,15,4,14,-1.91,712,0.43,204,0.32299999999999995,415,0.701,339,1041,344,165,86,456,598,70.6,0.358,0.381,0.528,51.4,48.3,8.0,8.8,0.49200000000000005,19.1,32.6,0.251
Morgan State,13,18,8,2,3,15,7,8,-11.97,787,0.418,161,0.337,538,0.725,424,1187,389,222,88,435,628,71.4,0.39399999999999996,0.254,0.508,51.3,49.4,9.9,8.1,0.461,16.3,34.9,0.28600000000000003
Mount St. Mary's,18,14,12,3,6,11,12,6,-8.05,809,0.455,323,0.379,390,0.733,214,918,449,221,125,351,492,67.1,0.299,0.48,0.574,43.3,55.5,10.2,10.7,0.546,14.7,20.5,0.21899999999999997
Murray State,26,6,14,2,10,3,16,2,-3.53,870,0.483,271,0.377,504,0.7340000000000001,341,1186,471,216,104,384,559,68.1,0.381,0.39899999999999997,0.591,54.1,54.1,9.9,8.7,0.5579999999999999,15.3,33.0,0.28
Navy,20,12,9,6,9,6,11,7,-7.22,771,0.444,206,0.331,451,0.7190000000000001,346,1113,450,206,41,453,553,66.9,0.361,0.358,0.54,54.2,58.4,9.6,4.2,0.503,18.2,32.3,0.26
Omaha,9,22,8,4,1,15,4,10,0.33,877,0.45799999999999996,254,0.366,365,0.706,282,1044,405,177,83,409,498,72.6,0.27,0.363,0.55,47.9,46.2,7.7,6.7,0.525,15.9,25.6,0.191
Nebraska,22,11,16,1,4,8,13,5,7.32,820,0.43,232,0.34600000000000003,514,0.718,356,1191,446,200,183,362,565,68.1,0.376,0.35200000000000004,0.531,48.7,54.4,8.9,12.8,0.491,13.9,30.1,0.27
Nevada-Las Vegas,20,13,13,6,5,6,8,10,1.87,978,0.489,185,0.33399999999999996,612,0.705,395,1333,535,184,146,473,580,73.7,0.434,0.27699999999999997,0.5710000000000001,53.7,54.7,7.4,9.7,0.535,16.4,34.6,0.306
Nevada,29,8,14,1,11,3,15,3,4.93,1049,0.469,354,0.392,603,0.743,342,1316,598,230,150,357,630,70.5,0.363,0.40399999999999997,0.5820000000000001,49.4,57.0,8.7,10.9,0.5479999999999999,12.0,26.4,0.26899999999999996
New Hampshire,10,21,8,7,2,12,6,10,-4.32,725,0.402,252,0.325,401,0.737,357,1189,368,111,56,362,555,66.6,0.302,0.43,0.51,53.9,50.8,5.4,5.6,0.47200000000000003,14.9,30.9,0.222
New Mexico State,28,6,14,1,8,3,12,2,-1.1,963,0.45799999999999996,258,0.33399999999999996,388,0.643,427,1402,481,189,103,429,604,70.1,0.287,0.36700000000000005,0.5379999999999999,56.0,49.9,7.9,8.6,0.519,15.2,34.2,0.184
New Mexico,19,15,13,4,4,8,12,6,3.3,939,0.455,367,0.375,550,0.777,317,1073,539,251,96,422,696,73.6,0.34299999999999997,0.474,0.5820000000000001,46.9,57.4,10.0,7.3,0.544,14.9,26.4,0.266
New Orleans,16,17,10,3,5,13,11,7,-5.78,815,0.45299999999999996,159,0.358,508,0.6729999999999999,374,1128,483,238,116,498,622,68.7,0.42,0.247,0.5329999999999999,51.2,59.3,10.5,9.9,0.49700000000000005,18.8,33.2,0.28300000000000003
Niagara,19,14,9,5,10,7,12,6,-4.21,944,0.444,272,0.359,588,0.728,396,1286,397,171,145,373,579,74.9,0.38,0.35700000000000004,0.5479999999999999,50.0,42.1,6.9,10.1,0.508,12.9,30.8,0.27699999999999997
Nicholls State,21,11,12,3,9,7,15,3,-5.86,941,0.47200000000000003,260,0.35700000000000004,499,0.7170000000000001,353,1189,474,307,126,490,712,76.9,0.349,0.366,0.568,50.7,50.4,12.5,10.1,0.537,17.4,30.5,0.25
NJIT,14,16,10,7,4,9,7,7,-5.53,808,0.44799999999999995,236,0.361,396,0.684,331,1063,417,246,97,399,556,71.0,0.321,0.36200000000000004,0.541,50.6,51.6,11.5,8.4,0.514,16.1,30.6,0.22
Norfolk State,14,19,8,6,5,11,11,5,-10.18,858,0.431,254,0.359,429,0.6709999999999999,411,1270,450,206,114,507,693,72.3,0.321,0.355,0.523,51.9,52.4,8.6,11.0,0.494,18.1,33.0,0.215
North Carolina-Asheville,21,13,14,2,7,10,13,5,-3.57,912,0.475,277,0.39399999999999996,456,0.741,280,1152,522,252,114,468,628,69.5,0.32,0.366,0.578,50.7,57.2,10.5,9.5,0.547,17.5,25.7,0.237
North Carolina A&T,20,15,12,0,5,13,11,5,-11.2,929,0.462,213,0.301,552,0.711,348,1252,534,212,80,482,629,71.1,0.386,0.35200000000000004,0.551,50.7,57.5,8.4,5.8,0.515,16.8,28.7,0.275
North Carolina Central,19,16,12,2,3,13,9,7,-12.31,949,0.461,212,0.331,410,0.687,415,1336,545,179,117,495,650,68.8,0.29,0.311,0.5379999999999999,53.4,57.4,7.4,9.4,0.512,17.4,33.9,0.19899999999999998
North Carolina-Greensboro,27,8,16,1,8,6,15,3,-3.87,924,0.445,331,0.353,383,0.698,418,1307,487,267,132,481,650,66.9,0.265,0.452,0.5479999999999999,55.0,52.7,11.2,12.4,0.525,17.1,34.2,0.185
North Carolina State,21,12,16,3,4,5,11,7,6.7,965,0.47,263,0.37200000000000005,489,0.696,401,1176,531,244,122,400,609,72.1,0.342,0.344,0.562,50.3,55.0,10.2,9.2,0.534,14.3,33.4,0.23800000000000002
North Carolina-Wilmington,11,21,8,5,2,11,7,11,-1.15,920,0.436,244,0.34600000000000003,458,0.69,447,1310,488,164,67,414,586,73.4,0.315,0.33399999999999996,0.524,53.2,53.0,6.9,5.6,0.494,14.6,34.0,0.217
North Carolina,26,11,12,3,6,5,11,7,11.78,1105,0.457,305,0.359,503,0.743,511,1570,674,213,151,445,587,71.7,0.28,0.35100000000000003,0.551,56.4,61.0,8.0,11.1,0.52,14.0,37.4,0.20800000000000002
North Dakota State,15,17,8,6,5,10,5,9,-1.58,837,0.469,294,0.37799999999999995,414,0.7609999999999999,232,1102,422,145,76,402,556,68.8,0.305,0.436,0.583,50.9,50.4,6.6,6.2,0.552,16.5,22.7,0.23199999999999998
North Dakota,12,20,7,6,2,13,6,12,-0.2,863,0.45899999999999996,233,0.34,468,0.706,225,984,411,253,59,417,605,73.2,0.353,0.365,0.5529999999999999,45.0,47.6,10.6,4.7,0.521,16.0,20.2,0.249
North Florida,14,19,10,2,4,17,7,7,-1.74,939,0.456,357,0.37799999999999995,433,0.76,312,1159,490,173,126,478,505,75.6,0.27699999999999997,0.45899999999999996,0.573,46.4,52.2,6.9,7.5,0.5429999999999999,17.0,26.0,0.21
North Texas,20,18,14,6,6,11,8,10,-0.4,1012,0.451,302,0.35600000000000004,502,0.66,422,1451,476,195,112,495,723,69.9,0.33899999999999997,0.379,0.5429999999999999,52.7,47.0,7.2,8.2,0.519,16.0,30.3,0.22399999999999998
Northeastern,23,10,12,2,9,5,14,4,-1.61,859,0.484,302,0.376,452,0.733,258,1083,523,220,82,450,575,68.0,0.34700000000000003,0.45299999999999996,0.597,51.1,60.9,9.7,6.2,0.569,17.9,25.5,0.255
Northern Arizona,5,27,2,10,3,14,2,16,-1.03,698,0.39899999999999997,178,0.305,526,0.701,320,1074,314,180,100,497,632,70.7,0.429,0.33399999999999996,0.499,48.1,45.0,7.9,9.5,0.45,19.1,27.1,0.301
Northern Colorado,26,12,14,3,7,8,11,7,-2.27,1104,0.47,334,0.359,540,0.6890000000000001,361,1430,454,203,139,465,722,73.7,0.33399999999999996,0.396,0.5660000000000001,51.3,41.1,7.2,8.1,0.542,14.6,25.9,0.23
Northern Illinois,13,19,11,4,1,13,6,12,-1.71,849,0.456,169,0.33,452,0.726,315,1102,295,213,58,378,594,69.3,0.335,0.275,0.5379999999999999,49.7,34.7,9.6,5.3,0.502,14.9,28.3,0.243
Northern Iowa,16,16,12,4,1,9,7,11,3.87,720,0.42,229,0.335,387,0.721,267,1109,345,166,80,364,482,64.3,0.313,0.39899999999999997,0.522,51.2,47.9,8.0,7.4,0.48700000000000004,15.6,24.5,0.226
Northern Kentucky,22,10,12,2,8,6,15,3,-4.07,898,0.475,258,0.341,432,0.731,308,1176,523,236,103,399,586,70.7,0.312,0.4,0.5720000000000001,52.6,58.2,10.4,8.7,0.5429999999999999,15.5,29.0,0.228
Northwestern State,4,25,1,11,3,13,1,17,-4.18,692,0.41200000000000003,125,0.27899999999999997,359,0.611,359,1036,279,180,122,496,573,72.2,0.35,0.267,0.47700000000000004,48.9,40.3,8.6,11.1,0.45,20.2,32.1,0.214
Northwestern,15,17,11,6,3,9,6,12,8.37,773,0.426,255,0.354,402,0.747,320,1059,448,156,136,374,605,65.3,0.297,0.397,0.532,50.4,58.0,7.4,13.2,0.49700000000000005,15.3,29.5,0.222
Notre Dame,21,15,11,6,5,7,8,10,7.94,945,0.44299999999999995,300,0.358,508,0.758,384,1324,520,208,131,355,470,66.5,0.314,0.39299999999999996,0.551,51.6,55.0,8.6,9.6,0.514,12.7,30.8,0.23800000000000002
Oakland,19,14,11,4,7,8,10,8,-3.76,884,0.45,275,0.35200000000000004,537,0.77,327,1203,553,200,170,434,540,72.2,0.355,0.39799999999999996,0.562,50.4,62.6,8.3,11.9,0.52,15.9,28.1,0.273
Ohio State,25,9,16,2,6,2,15,3,9.03,951,0.48,239,0.353,450,0.731,334,1245,499,209,132,399,595,67.9,0.311,0.342,0.57,53.6,52.5,9.0,11.3,0.541,14.9,30.1,0.22699999999999998
Ohio,14,17,11,5,2,10,7,11,-1.65,839,0.44299999999999995,244,0.369,412,0.7120000000000001,259,1127,443,207,103,412,500,72.6,0.306,0.349,0.5379999999999999,48.4,52.8,8.9,8.8,0.508,16.0,22.4,0.218
Oklahoma State,21,15,15,6,3,7,8,10,9.12,959,0.431,296,0.348,543,0.757,463,1348,514,237,143,466,692,70.8,0.322,0.38299999999999995,0.5379999999999999,51.1,53.6,9.2,10.4,0.498,15.4,34.2,0.244
Oklahoma,18,14,13,2,2,9,8,10,10.56,954,0.462,300,0.359,510,0.746,339,1229,479,208,151,428,551,76.5,0.332,0.405,0.569,49.8,50.2,8.4,11.0,0.535,15.2,28.4,0.247
Old Dominion,25,7,12,2,10,3,15,3,-1.27,844,0.447,228,0.35700000000000004,431,0.6920000000000001,375,1207,483,239,139,332,509,66.6,0.33,0.33799999999999997,0.537,52.8,57.2,11.1,13.6,0.507,13.2,32.3,0.228
Oral Roberts,11,21,8,5,3,14,5,9,1.05,879,0.43700000000000006,220,0.34299999999999997,354,0.685,445,1226,453,174,112,411,565,68.0,0.257,0.319,0.517,52.2,51.5,7.8,9.3,0.49200000000000005,15.4,36.2,0.17600000000000002
Oregon State,16,16,12,4,1,9,7,11,4.57,830,0.467,192,0.32899999999999996,487,0.708,332,1119,475,212,116,424,642,67.4,0.387,0.32799999999999996,0.555,52.1,57.2,9.7,10.3,0.521,16.8,31.8,0.27399999999999997
Oregon,23,13,16,3,4,7,10,8,4.84,986,0.45799999999999996,324,0.35700000000000004,521,0.763,372,1262,556,248,152,434,712,69.6,0.317,0.42100000000000004,0.568,52.3,56.4,9.8,12.3,0.5329999999999999,14.9,31.0,0.242
Pacific,14,18,8,8,6,9,9,9,1.8,804,0.451,151,0.32899999999999996,521,0.7290000000000001,332,1086,395,197,129,368,581,67.0,0.401,0.258,0.537,50.9,49.1,9.1,12.3,0.494,14.8,30.4,0.292
Penn State,26,13,15,4,6,7,9,9,7.79,1057,0.461,294,0.387,507,0.7020000000000001,422,1385,541,282,193,463,685,67.9,0.315,0.331,0.5529999999999999,51.8,51.2,10.6,13.3,0.526,15.0,31.7,0.221
Pennsylvania,24,9,11,3,9,4,12,2,-3.17,893,0.45799999999999996,291,0.35,429,0.659,283,1239,508,194,92,391,566,70.2,0.33399999999999996,0.42700000000000005,0.555,51.0,56.9,8.2,7.0,0.5329999999999999,14.8,23.6,0.22
Pepperdine,6,26,5,11,0,14,2,16,1.82,822,0.449,186,0.34299999999999997,453,0.701,324,1077,449,155,69,376,575,67.8,0.353,0.29600000000000004,0.534,50.8,54.6,7.1,6.5,0.5,15.0,29.4,0.248
Pittsburgh,8,24,7,11,0,10,0,18,8.47,678,0.405,258,0.325,371,0.695,247,1007,398,138,112,443,553,65.7,0.319,0.475,0.515,45.5,58.7,6.5,9.4,0.48200000000000004,18.7,23.3,0.222
Portland State,20,14,8,5,10,6,9,9,-1.05,1034,0.44299999999999995,300,0.34,529,0.7040000000000001,493,1306,548,333,118,431,746,76.5,0.322,0.37799999999999995,0.539,50.8,53.0,12.7,9.2,0.508,13.8,34.9,0.22699999999999998
Portland,10,22,7,9,3,9,4,14,2.43,781,0.44799999999999995,255,0.38299999999999995,404,0.6779999999999999,205,1014,387,165,127,383,576,68.5,0.342,0.381,0.5479999999999999,46.1,49.6,7.5,11.2,0.521,15.9,19.7,0.23199999999999998
Prairie View,16,18,10,2,5,15,12,6,-7.71,890,0.436,247,0.32799999999999996,532,0.6709999999999999,403,1182,439,257,103,460,748,72.6,0.38799999999999996,0.368,0.529,48.6,49.3,10.3,8.7,0.496,16.0,31.4,0.26
Presbyterian,11,21,8,8,2,13,4,14,-5.53,749,0.426,276,0.358,350,0.6859999999999999,291,1003,368,175,63,368,461,64.7,0.29,0.439,0.53,47.7,49.1,8.4,5.6,0.504,15.5,26.6,0.19899999999999998
Princeton,13,16,7,5,5,9,5,9,-1.97,753,0.45299999999999996,287,0.374,313,0.7070000000000001,220,949,367,137,90,334,504,66.4,0.267,0.462,0.563,49.0,48.7,6.9,8.7,0.54,15.1,22.5,0.188
Providence,21,14,13,4,4,7,10,8,10.23,899,0.441,223,0.332,554,0.7040000000000001,369,1247,485,238,128,430,624,69.5,0.386,0.32899999999999996,0.534,49.6,53.9,9.6,9.8,0.496,15.1,28.8,0.272
Purdue,30,7,16,1,8,2,15,3,8.74,1033,0.493,353,0.42,555,0.743,319,1295,598,211,180,399,580,68.1,0.35600000000000004,0.401,0.606,51.8,57.9,8.3,12.5,0.5770000000000001,14.0,27.8,0.265
Quinnipiac,12,21,6,6,3,12,7,11,-4.44,787,0.42200000000000004,303,0.33899999999999997,487,0.706,330,1142,404,182,86,446,566,67.9,0.37,0.479,0.539,49.2,51.3,7.9,6.9,0.503,16.9,27.8,0.261
Radford,23,13,12,2,7,10,12,6,-4.08,850,0.425,277,0.349,445,0.725,415,1244,442,226,105,441,596,63.4,0.307,0.397,0.528,52.3,52.0,9.7,9.1,0.494,16.1,33.7,0.223
Rhode Island,26,8,15,1,7,4,15,3,4.61,954,0.455,236,0.35200000000000004,439,0.6970000000000001,389,1170,520,249,118,362,645,69.2,0.301,0.32,0.539,50.0,54.5,10.5,9.5,0.511,13.1,31.0,0.209
Rice,7,24,5,10,2,13,4,14,-0.04,711,0.406,260,0.318,432,0.669,327,1140,378,166,66,460,509,70.1,0.369,0.467,0.514,49.7,53.2,7.6,6.0,0.48,18.3,28.1,0.247
Richmond,12,20,6,9,4,8,9,9,3.61,843,0.461,222,0.33399999999999996,389,0.715,251,972,486,244,77,373,518,68.3,0.297,0.363,0.55,46.8,57.7,11.0,6.6,0.521,15.2,23.4,0.213
Rider,22,10,12,1,8,7,15,3,-2.62,932,0.465,243,0.358,513,0.608,421,1253,459,241,109,424,638,74.8,0.42100000000000004,0.33799999999999997,0.545,51.7,49.2,10.0,10.1,0.526,15.0,33.4,0.256
Robert Morris,16,17,4,6,9,11,9,9,-6.11,794,0.41100000000000003,242,0.332,442,0.667,392,1176,382,256,90,489,663,70.8,0.34299999999999997,0.377,0.506,49.1,48.1,10.9,7.4,0.474,17.9,31.3,0.22899999999999998
Rutgers,15,19,13,9,0,9,3,15,6.83,830,0.406,145,0.29,409,0.644,447,1316,333,240,136,397,583,66.9,0.311,0.245,0.473,51.9,40.1,10.4,11.6,0.442,14.5,33.7,0.2
Sacramento State,7,25,6,9,1,12,4,14,-0.74,800,0.444,202,0.354,355,0.684,268,1024,420,172,110,385,586,67.5,0.28800000000000003,0.316,0.526,47.1,52.5,7.9,9.6,0.5,15.8,24.3,0.19699999999999998
Sacred Heart,10,21,5,9,4,11,5,13,-6.98,796,0.43700000000000006,179,0.299,358,0.6629999999999999,374,1238,401,149,72,460,571,69.5,0.29600000000000004,0.32899999999999996,0.512,55.2,50.4,6.9,6.6,0.486,18.1,33.2,0.196
Saint Francis (PA),18,13,11,3,7,10,12,6,-6.71,860,0.466,250,0.373,480,0.762,276,1046,416,209,72,359,496,70.8,0.341,0.363,0.5710000000000001,48.3,48.4,9.4,6.0,0.534,14.3,26.1,0.26
Saint Joseph's,16,16,10,3,4,9,10,8,1.9,826,0.423,255,0.337,464,0.687,289,1201,447,203,91,320,497,71.2,0.34600000000000003,0.38799999999999996,0.521,49.3,54.1,8.8,8.5,0.488,12.3,23.5,0.23800000000000002
Saint Louis,17,16,12,6,3,7,9,9,2.92,731,0.42200000000000004,185,0.32299999999999995,523,0.652,388,1188,393,198,146,420,596,64.7,0.46299999999999997,0.33,0.513,53.0,53.8,9.2,13.1,0.475,16.6,33.8,0.302
Saint Mary's (CA),30,6,18,2,11,1,16,2,0.33,1014,0.515,284,0.41,460,0.769,298,1213,557,160,94,357,556,63.6,0.304,0.35100000000000003,0.615,55.1,54.9,6.9,6.8,0.5870000000000001,13.7,29.2,0.23399999999999999
Saint Peter's,14,18,8,5,3,12,6,12,-4.36,740,0.42,253,0.337,352,0.721,292,1050,379,211,101,416,601,65.0,0.27699999999999997,0.426,0.523,49.0,51.2,9.9,10.8,0.49200000000000005,17.3,27.1,0.2
Sam Houston State,21,15,14,2,5,10,12,6,-4.8,900,0.426,257,0.337,514,0.715,436,1356,527,220,62,473,708,69.1,0.34,0.36,0.523,52.6,58.6,8.8,5.6,0.486,16.1,32.8,0.243
Samford,10,22,8,6,2,14,6,12,-3.37,870,0.47100000000000003,289,0.373,454,0.764,264,974,530,230,76,435,527,71.9,0.322,0.419,0.583,45.8,60.9,10.0,6.9,0.55,17.0,25.0,0.24600000000000002
San Diego State,22,11,13,2,5,7,11,7,3.91,902,0.45899999999999996,239,0.337,502,0.715,366,1250,488,206,107,394,564,70.4,0.35700000000000004,0.36,0.5529999999999999,53.7,54.1,8.9,9.4,0.519,14.6,31.9,0.255
San Diego,20,14,12,7,8,6,9,9,0.49,802,0.452,289,0.364,492,0.711,253,1117,475,186,138,445,701,67.2,0.39,0.447,0.5670000000000001,49.7,59.2,8.1,10.7,0.5329999999999999,17.5,23.4,0.27699999999999997
San Francisco,22,17,16,6,4,9,9,9,1.63,952,0.42200000000000004,333,0.33799999999999997,448,0.6759999999999999,395,1393,526,210,141,464,745,67.3,0.294,0.43700000000000006,0.522,50.8,55.3,7.9,9.6,0.496,15.3,27.9,0.19899999999999998
San Jose State,4,26,3,11,1,14,1,17,2.91,705,0.436,178,0.36700000000000005,386,0.6920000000000001,277,1073,385,135,69,488,570,69.3,0.345,0.3,0.524,52.7,54.6,6.4,7.5,0.491,20.6,28.3,0.239
Santa Clara,11,20,6,11,5,5,8,10,0.61,718,0.429,232,0.34,380,0.725,243,887,404,168,73,350,537,65.4,0.313,0.40700000000000003,0.5329999999999999,46.2,56.3,8.3,6.4,0.498,15.4,23.6,0.22699999999999998
Savannah State,15,17,10,2,4,13,12,4,-5.06,940,0.4,391,0.3,483,0.696,423,1222,504,301,89,448,608,83.6,0.295,0.555,0.514,44.5,53.6,11.1,6.4,0.483,14.3,27.8,0.20600000000000002
Seattle,20,14,16,3,3,10,8,6,-3.09,881,0.446,312,0.37,515,0.738,368,1298,463,167,123,484,692,70.3,0.353,0.42700000000000005,0.561,52.4,52.6,6.9,9.6,0.525,17.3,30.6,0.261
Seton Hall,22,12,14,3,5,6,10,8,10.11,971,0.46799999999999997,250,0.365,509,0.698,416,1302,527,210,117,432,614,71.1,0.35200000000000004,0.33,0.5579999999999999,53.1,54.3,8.6,9.1,0.529,15.2,34.2,0.24600000000000002
Siena,8,24,7,8,1,15,4,14,-2.99,752,0.42,220,0.36700000000000005,442,0.6779999999999999,354,1146,355,153,104,483,641,67.2,0.364,0.335,0.516,51.1,47.2,6.9,8.8,0.48200000000000004,18.7,31.4,0.247
South Alabama,14,18,11,4,2,13,7,11,-2.87,752,0.42100000000000004,252,0.32299999999999995,472,0.7,301,1165,398,171,126,479,612,71.1,0.37799999999999995,0.436,0.529,49.3,52.9,7.5,10.8,0.49200000000000005,18.5,26.3,0.264
South Carolina State,10,22,8,5,2,16,6,10,-8.78,829,0.426,205,0.33399999999999996,492,0.6970000000000001,366,1092,352,169,76,444,612,73.4,0.36200000000000004,0.315,0.516,47.6,42.5,7.1,6.3,0.478,16.3,30.2,0.253
South Carolina Upstate,7,25,6,7,0,17,2,12,-4.35,881,0.431,328,0.345,334,0.726,337,1062,449,195,86,370,566,71.1,0.225,0.466,0.535,46.4,51.0,8.5,7.0,0.511,14.0,27.3,0.163
South Carolina,17,16,10,5,4,8,7,11,9.23,756,0.39799999999999996,240,0.33899999999999997,561,0.701,415,1228,423,180,105,455,662,69.7,0.42100000000000004,0.373,0.507,52.4,56.0,7.8,9.6,0.461,16.6,33.8,0.295
South Dakota State,28,7,15,0,8,5,13,1,-0.38,1003,0.467,374,0.40299999999999997,578,0.762,310,1360,467,172,80,353,562,72.3,0.354,0.43200000000000005,0.59,52.2,46.6,6.7,5.9,0.5539999999999999,12.3,24.8,0.26899999999999996
South Dakota,26,9,13,2,9,5,11,3,-2.6,1017,0.47600000000000003,243,0.355,555,0.75,359,1319,463,239,69,388,592,72.1,0.34600000000000003,0.32,0.569,52.5,45.5,9.5,5.3,0.5329999999999999,13.5,29.7,0.26
South Florida,10,22,7,11,3,10,3,15,0.05,707,0.418,207,0.361,405,0.723,309,1065,379,163,76,449,546,65.5,0.331,0.33899999999999997,0.518,49.2,53.6,7.8,6.6,0.48,18.7,28.8,0.24
Southeast Missouri State,14,17,7,7,6,9,8,10,-4.88,796,0.46,289,0.392,474,0.7290000000000001,273,1005,423,178,54,388,553,69.1,0.376,0.42700000000000005,0.578,48.5,53.1,8.2,4.9,0.544,16.0,26.4,0.27399999999999997
Southeastern Louisiana,22,12,10,3,10,7,15,3,-6.2,867,0.45399999999999996,250,0.35100000000000003,455,0.6579999999999999,359,1158,498,225,98,468,568,69.1,0.36200000000000004,0.373,0.544,49.1,57.4,9.6,7.5,0.519,17.3,30.5,0.23800000000000002
Southern California,24,12,13,5,6,5,12,6,6.29,1022,0.47,296,0.376,458,0.706,369,1252,569,228,145,383,568,68.7,0.299,0.36200000000000004,0.564,50.7,55.7,9.1,11.2,0.5379999999999999,13.4,30.0,0.21100000000000002
SIU Edwardsville,9,21,4,9,5,11,5,13,-3.36,734,0.41700000000000004,212,0.324,410,0.7070000000000001,324,1024,373,144,82,409,645,70.4,0.33,0.37200000000000005,0.514,48.8,50.8,6.8,7.6,0.478,16.7,29.3,0.233
Southern Illinois,20,13,13,3,5,8,11,7,0.65,839,0.462,215,0.35600000000000004,415,0.696,281,1079,464,248,118,420,588,66.9,0.32799999999999996,0.332,0.5489999999999999,48.9,55.3,11.1,10.6,0.521,16.7,25.9,0.228
Southern Methodist,17,16,13,5,2,8,6,12,3.66,814,0.444,281,0.379,384,0.6859999999999999,365,1109,474,244,99,383,535,64.4,0.305,0.40399999999999997,0.546,50.3,58.2,11.5,9.9,0.52,15.4,32.7,0.209
Southern Mississippi,16,18,11,3,2,11,7,11,1.31,872,0.445,254,0.33899999999999997,403,0.703,254,1035,500,237,59,333,528,67.8,0.293,0.38299999999999995,0.5379999999999999,45.9,57.3,10.2,5.8,0.51,13.0,21.7,0.20600000000000002
Southern Utah,13,19,9,5,2,13,5,13,-0.88,824,0.43700000000000006,253,0.358,515,0.738,272,1084,374,166,98,408,699,73.1,0.37,0.374,0.544,48.5,45.4,7.0,8.0,0.504,15.5,23.8,0.273
Southern,15,18,11,3,4,14,10,8,-9.57,781,0.40299999999999997,177,0.33799999999999997,540,0.6809999999999999,434,1285,371,187,121,435,629,69.8,0.409,0.271,0.493,51.6,47.5,8.1,9.9,0.449,15.8,33.7,0.27899999999999997
St. Bonaventure,26,8,13,1,9,4,14,4,2.61,884,0.451,255,0.386,597,0.752,344,1208,472,239,118,391,674,69.4,0.405,0.337,0.561,50.5,53.4,10.0,10.8,0.516,14.3,29.2,0.305
St. Francis (NY),13,18,10,3,3,13,10,8,-7.32,784,0.415,271,0.34600000000000003,421,0.7120000000000001,328,1046,357,225,82,390,668,70.8,0.313,0.415,0.521,47.0,45.5,10.1,7.0,0.48700000000000004,15.2,27.5,0.223
St. John's (NY),16,17,9,7,2,7,4,14,10.69,867,0.434,232,0.32899999999999996,446,0.741,288,1110,422,282,172,393,614,71.1,0.301,0.353,0.528,45.9,48.7,11.8,15.7,0.49200000000000005,14.7,23.7,0.223
Stanford,19,16,14,5,4,7,11,7,7.14,925,0.461,233,0.369,572,0.685,395,1368,469,183,122,525,633,72.2,0.41600000000000004,0.315,0.552,53.9,50.7,7.2,8.7,0.519,17.9,32.8,0.285
Stephen F. Austin,28,7,16,1,9,5,14,4,-6.46,1000,0.486,242,0.37200000000000005,577,0.705,402,1248,498,361,107,540,765,73.8,0.39799999999999996,0.316,0.5760000000000001,52.6,49.8,14.0,9.7,0.544,18.1,33.5,0.28
Stetson,12,20,7,9,5,11,4,10,-6.46,907,0.442,250,0.344,348,0.672,293,1099,471,228,87,350,586,73.1,0.252,0.354,0.525,47.5,51.9,9.7,7.4,0.503,13.2,24.1,0.17
Stony Brook,13,19,7,7,6,11,7,9,-2.28,779,0.41700000000000004,249,0.32899999999999996,398,0.657,367,1152,427,261,94,448,647,69.6,0.325,0.406,0.512,50.2,54.8,11.6,8.4,0.484,17.2,30.5,0.213
Syracuse,23,14,14,5,4,6,8,10,10.02,832,0.41700000000000004,208,0.318,594,0.736,442,1375,395,258,198,460,611,64.2,0.405,0.32799999999999996,0.518,52.6,47.5,10.7,17.4,0.469,16.2,34.6,0.298
Temple,17,16,8,5,4,10,8,10,7.79,845,0.425,271,0.35,347,0.682,337,1120,421,220,108,357,580,67.5,0.256,0.389,0.517,47.1,49.8,9.8,9.0,0.493,13.8,27.7,0.174
Tennessee-Martin,10,21,5,9,5,12,5,13,-4.96,808,0.447,210,0.32299999999999995,309,0.725,308,1086,390,214,105,449,568,68.5,0.23600000000000002,0.36,0.532,49.5,48.3,10.0,11.3,0.506,18.3,29.0,0.171
Tennessee State,15,15,9,5,6,9,10,8,-2.98,669,0.425,223,0.336,436,0.7390000000000001,261,989,326,213,86,442,563,67.0,0.375,0.42200000000000004,0.5379999999999999,49.7,48.7,10.4,10.4,0.496,19.2,26.3,0.27699999999999997
Tennessee Tech,19,14,11,3,5,10,10,8,-3.54,844,0.439,242,0.34700000000000003,483,0.68,338,1174,471,252,108,471,649,72.1,0.369,0.36200000000000004,0.534,49.3,55.8,10.5,9.2,0.502,17.2,28.2,0.251
Tennessee,26,9,13,2,8,4,13,5,10.12,885,0.44,273,0.38,541,0.757,404,1262,550,222,156,422,680,67.1,0.355,0.35700000000000004,0.5489999999999999,51.4,62.1,9.4,12.8,0.508,15.2,33.3,0.26899999999999996
Texas A&M-Corpus Christi,11,18,7,6,4,11,8,10,-6.56,691,0.435,149,0.341,432,0.716,292,1005,323,197,84,461,606,69.9,0.379,0.275,0.523,50.7,46.7,9.6,9.3,0.48200000000000004,19.7,29.7,0.272
Texas A&M,22,13,13,3,4,7,9,9,10.62,976,0.46,230,0.32899999999999996,449,0.6609999999999999,432,1450,538,190,209,476,574,70.9,0.32,0.33,0.5379999999999999,54.3,55.1,7.7,15.3,0.514,16.3,33.9,0.212
Texas-Arlington,21,13,13,2,4,10,10,8,-1.43,927,0.451,294,0.359,492,0.69,379,1333,545,229,143,507,617,74.0,0.34700000000000003,0.39799999999999996,0.552,52.2,58.8,9.1,12.4,0.523,17.5,30.6,0.24
Texas Christian,21,12,15,3,3,7,9,9,9.68,979,0.496,274,0.395,476,0.706,368,1201,615,214,119,419,553,70.0,0.342,0.35200000000000004,0.59,54.5,62.8,9.1,9.4,0.5660000000000001,15.4,34.1,0.24100000000000002
Texas-El Paso,11,20,9,8,2,8,6,12,-0.2,754,0.434,224,0.336,362,0.6679999999999999,217,1036,328,129,89,381,576,69.5,0.312,0.384,0.525,46.6,43.5,6.0,8.7,0.499,16.0,19.6,0.209
Texas-Rio Grande Valley,15,18,9,7,6,10,6,8,-2.84,833,0.40399999999999997,205,0.309,619,0.741,383,1240,499,253,110,447,724,75.8,0.405,0.322,0.507,48.3,59.9,10.0,8.4,0.45399999999999996,15.4,28.4,0.3
Texas-San Antonio,20,15,12,4,6,8,11,7,-0.93,972,0.43700000000000006,353,0.361,443,0.675,380,1394,492,218,95,440,703,74.0,0.295,0.44,0.54,51.1,50.6,8.4,7.5,0.516,14.8,27.8,0.19899999999999998
Texas Southern,16,20,8,2,5,17,12,6,-5.53,925,0.43799999999999994,280,0.359,657,0.725,372,1301,438,207,145,453,631,72.7,0.429,0.37,0.5479999999999999,48.5,47.4,7.9,9.3,0.505,15.1,28.4,0.311
Texas State,15,18,7,7,6,9,7,11,-3.44,773,0.434,214,0.33,430,0.6609999999999999,363,1144,448,179,92,442,543,65.4,0.365,0.364,0.524,52.4,58.0,8.2,8.5,0.494,17.4,32.5,0.24100000000000002
Texas Tech,27,10,17,1,4,6,11,7,9.6,964,0.46,252,0.359,579,0.7040000000000001,407,1332,529,262,158,454,669,68.3,0.39299999999999996,0.335,0.555,52.6,54.9,10.3,12.8,0.52,15.4,32.9,0.276
Texas,19,15,13,4,3,7,8,10,10.67,882,0.439,245,0.32,441,0.665,361,1217,394,209,168,399,547,66.9,0.33,0.381,0.527,50.0,44.7,8.9,12.8,0.5,14.6,29.5,0.21899999999999997
Toledo,23,11,12,4,9,6,13,5,-1.75,913,0.467,327,0.401,534,0.737,319,1253,528,127,135,395,541,69.9,0.371,0.41700000000000004,0.585,51.2,57.8,5.3,9.3,0.551,14.7,27.7,0.273
Towson,18,14,10,4,4,9,8,10,-3.14,889,0.467,210,0.361,458,0.687,398,1219,381,209,139,405,633,68.7,0.35,0.306,0.55,53.8,42.9,9.4,12.7,0.522,15.4,35.1,0.24
Troy,16,17,10,4,4,10,9,9,-2.11,848,0.439,292,0.337,487,0.736,319,1194,435,165,124,408,570,69.9,0.34299999999999997,0.449,0.551,49.8,51.3,7.1,10.0,0.515,15.4,27.3,0.252
Tulane,14,17,9,7,3,8,5,13,2.08,800,0.45,232,0.35,437,0.713,296,1068,483,156,126,409,557,69.7,0.345,0.373,0.5479999999999999,49.0,60.4,7.2,10.5,0.515,16.5,27.5,0.24600000000000002
Tulsa,19,12,13,2,4,7,12,6,2.38,754,0.436,247,0.348,522,0.725,346,1177,391,139,68,399,495,68.1,0.41600000000000004,0.41,0.5489999999999999,52.0,51.9,6.5,6.4,0.507,16.1,32.0,0.302
UCLA,21,12,14,2,3,7,11,7,6.86,927,0.46,310,0.381,515,0.72,337,1283,495,184,131,399,592,71.4,0.355,0.40399999999999997,0.569,51.8,53.4,7.6,10.3,0.537,14.5,28.4,0.256
Utah State,17,17,11,4,2,12,8,10,2.65,865,0.45399999999999996,317,0.364,442,0.705,290,1131,474,170,68,441,617,68.8,0.32899999999999996,0.457,0.565,49.7,54.8,7.2,5.6,0.5379999999999999,16.7,25.6,0.23199999999999998
Utah Valley,23,11,16,1,6,9,10,4,-1.76,926,0.483,267,0.386,538,0.742,355,1297,549,203,140,474,558,70.1,0.37799999999999995,0.361,0.5870000000000001,54.7,59.3,8.5,10.6,0.552,17.3,32.3,0.28
Utah,23,12,15,3,6,6,11,7,6.4,876,0.46,322,0.37,497,0.759,268,1174,532,180,115,414,567,67.2,0.344,0.457,0.581,49.2,60.7,7.6,9.1,0.545,15.8,23.9,0.261
Valparaiso,15,17,8,4,3,12,6,12,0.93,781,0.449,213,0.342,477,0.708,294,1115,399,235,105,469,679,69.8,0.387,0.358,0.547,50.9,51.1,10.5,9.3,0.51,18.5,27.7,0.27399999999999997
Vanderbilt,12,20,11,7,1,10,6,12,10.14,775,0.43700000000000006,289,0.353,477,0.743,312,1081,392,154,108,379,632,66.5,0.36200000000000004,0.461,0.557,50.4,50.6,7.2,8.7,0.518,15.4,28.8,0.26899999999999996
Vermont,27,8,12,2,12,5,15,1,-3.17,879,0.488,260,0.401,569,0.754,268,1160,468,134,89,388,528,65.3,0.419,0.36,0.598,53.5,53.2,5.9,7.4,0.56,15.2,26.3,0.316
Villanova,36,4,12,1,9,3,14,4,10.24,1220,0.5,464,0.401,559,0.779,385,1436,655,259,162,426,645,70.1,0.294,0.475,0.623,52.4,53.7,9.1,10.5,0.595,13.3,29.3,0.22899999999999998
Virginia Commonwealth,18,15,11,7,5,5,9,9,2.42,921,0.45799999999999996,274,0.35200000000000004,391,0.691,342,1203,510,210,93,446,561,71.4,0.281,0.386,0.5489999999999999,51.0,55.4,8.8,7.4,0.526,16.3,29.0,0.19399999999999998
VMI,9,21,6,8,3,12,4,14,-4.25,688,0.39799999999999996,225,0.32,353,0.74,286,1028,356,221,87,442,539,70.4,0.276,0.40700000000000003,0.5,47.4,51.7,10.5,8.7,0.46299999999999997,18.4,25.7,0.204
Virginia Tech,21,12,14,4,6,5,10,8,6.72,931,0.499,289,0.38799999999999996,483,0.7090000000000001,246,1078,542,191,74,395,523,69.9,0.365,0.39899999999999997,0.602,48.8,58.2,8.2,6.6,0.5770000000000001,15.3,23.9,0.259
Virginia,31,3,16,1,10,1,17,1,9.07,848,0.46,247,0.38299999999999995,340,0.754,282,1099,458,232,124,290,480,60.6,0.245,0.35,0.555,51.2,54.0,11.2,12.3,0.527,12.3,26.9,0.184
Wagner,23,10,16,1,7,9,14,4,-6.9,839,0.42700000000000005,269,0.35,501,0.711,446,1290,440,218,129,451,729,69.6,0.359,0.392,0.5329999999999999,53.7,52.4,9.5,11.5,0.496,16.4,36.3,0.255
Wake Forest,11,20,7,9,3,8,4,14,8.79,801,0.439,241,0.374,430,0.738,337,1108,432,181,109,407,604,69.9,0.319,0.353,0.54,51.0,53.9,8.4,10.4,0.505,16.2,30.5,0.235
Washington State,12,19,8,8,1,10,4,14,5.22,801,0.446,341,0.377,327,0.736,258,1007,450,164,71,421,532,69.4,0.247,0.504,0.5660000000000001,47.1,56.2,7.6,6.2,0.541,17.3,24.6,0.182
Washington,21,13,16,4,4,6,10,8,6.06,900,0.45799999999999996,230,0.34600000000000003,505,0.701,328,1114,398,274,177,453,640,70.7,0.36700000000000005,0.33799999999999997,0.55,48.1,44.2,11.3,13.8,0.517,16.4,28.9,0.257
Weber State,20,11,12,3,7,4,13,5,-2.88,846,0.491,280,0.41700000000000004,462,0.7659999999999999,182,1039,430,161,120,368,551,70.0,0.35,0.39,0.606,49.3,50.8,7.3,9.6,0.573,15.5,19.1,0.268
West Virginia,26,11,14,3,5,5,11,7,9.36,1036,0.436,322,0.353,570,0.7659999999999999,521,1401,561,301,192,420,798,70.5,0.313,0.384,0.5429999999999999,52.5,54.2,11.5,15.9,0.504,13.3,36.8,0.24
Western Carolina,13,19,8,5,3,12,8,10,-1.63,774,0.41100000000000003,234,0.33299999999999996,408,0.6829999999999999,371,1101,427,254,92,476,561,71.0,0.317,0.373,0.505,48.0,55.2,11.2,8.9,0.473,18.0,30.5,0.21600000000000003
Western Illinois,12,16,11,5,1,10,3,11,-2.28,749,0.466,188,0.35700000000000004,326,0.715,197,990,308,136,109,350,432,69.8,0.284,0.32799999999999996,0.552,50.0,41.1,6.9,10.5,0.525,16.1,21.1,0.203
Western Kentucky,27,11,14,3,9,5,14,4,3.65,1075,0.49200000000000005,206,0.35100000000000003,623,0.7170000000000001,369,1356,515,271,140,441,569,69.7,0.39799999999999996,0.26899999999999996,0.574,51.5,47.9,10.2,9.6,0.54,14.5,29.7,0.285
Western Michigan,17,15,10,6,6,7,9,9,-1.99,845,0.439,233,0.344,479,0.727,355,1130,405,209,100,342,559,69.4,0.342,0.35200000000000004,0.536,50.8,47.9,9.4,9.8,0.499,13.3,30.5,0.249
Wichita State,25,8,13,3,9,2,14,4,5.46,957,0.47600000000000003,300,0.381,517,0.7390000000000001,405,1336,610,154,127,385,580,70.0,0.348,0.392,0.583,57.1,63.7,6.6,11.1,0.551,14.1,35.6,0.257
William & Mary,19,12,11,3,7,8,11,7,-1.32,910,0.511,337,0.434,479,0.81,209,1020,548,174,125,382,530,71.4,0.332,0.436,0.639,50.4,60.2,7.8,10.5,0.605,15.6,22.4,0.26899999999999996
Winthrop,19,12,11,3,7,9,12,6,-5.84,859,0.47600000000000003,296,0.374,450,0.722,283,1125,455,211,144,429,539,72.4,0.34600000000000003,0.439,0.5870000000000001,51.3,53.0,9.4,12.4,0.5589999999999999,17.0,27.2,0.25
Wisconsin,15,18,11,7,3,8,7,11,9.5,793,0.44799999999999995,216,0.335,404,0.6990000000000001,299,1010,411,180,117,353,543,63.4,0.327,0.364,0.539,49.7,51.8,8.6,9.7,0.509,14.7,28.4,0.228
Wofford,21,13,12,5,7,7,11,7,-2.45,901,0.473,357,0.413,419,0.779,272,1099,522,220,88,413,585,67.8,0.282,0.45399999999999996,0.596,50.3,57.9,9.5,8.3,0.5660000000000001,16.0,25.2,0.22
Wright State,25,10,14,2,8,7,14,4,-3.64,873,0.43200000000000005,237,0.337,517,0.715,356,1266,460,231,77,459,558,69.9,0.358,0.348,0.529,51.8,52.7,9.4,6.5,0.491,16.3,28.9,0.256
Wyoming,20,13,13,4,5,7,10,8,3.54,873,0.446,304,0.345,583,0.738,231,1148,518,215,130,449,654,74.7,0.40299999999999997,0.45,0.564,47.1,59.3,8.4,9.8,0.523,16.1,19.2,0.298
Xavier,29,6,17,1,9,2,15,3,9.45,1011,0.49200000000000005,274,0.37200000000000005,657,0.779,345,1342,579,205,109,441,602,72.3,0.41,0.358,0.601,55.1,57.3,8.0,8.4,0.5589999999999999,15.2,30.2,0.32
Yale,16,15,9,3,7,11,9,5,-2.83,831,0.462,252,0.332,398,0.722,275,1052,507,204,95,407,541,70.1,0.307,0.42200000000000004,0.562,49.8,61.0,9.3,8.2,0.5329999999999999,16.5,26.0,0.221
Youngstown State,8,24,6,6,2,13,6,12,-2.56,902,0.42700000000000005,235,0.33,371,0.636,459,1159,445,266,126,460,672,74.2,0.276,0.337,0.505,50.8,49.3,11.1,10.4,0.483,16.2,35.7,0.17600000000000002
