WTeamID,LTeamID,MOV,WLoc
1112,1434,9,H
1280,1184,10,H
1385,1456,15,H
1103,1280,10,A
1112,1182,8,H
1385,1250,5,H
1401,1251,22,H
1102,1119,16,H
1104,1316,20,H
1113,1286,6,H
1116,1367,20,H
1120,1270,22,H
1124,1411,20,H
1132,1224,15,H
1138,1389,7,H
1143,1414,21,H
1144,1223,14,H
1150,1300,16,H
1155,1205,21,H
1158,1221,9,H
1161,1285,6,H
1163,1162,13,H
1166,1299,32,H
1176,1340,8,H
1177,1410,19,H
1181,1125,1,H
1185,1227,11,H
1193,1346,12,N
1196,1238,40,H
1199,1239,12,H
1201,1229,8,H
1203,1271,16,H
1206,1348,2,H
1208,1459,13,H
1210,1197,33,H
1211,1186,8,H
1220,1254,18,H
1228,1260,18,H
1231,1392,30,H
1232,1183,7,H
1234,1152,43,H
1242,1406,46,H
1243,1149,5,H
1246,1265,50,H
1247,1248,26,H
1249,1117,3,H
1257,1404,35,H
1258,1417,11,A
1266,1291,54,H
1267,1106,18,H
1269,1189,18,H
1274,1399,11,H
1278,1137,12,H
1279,1419,22,H
1281,1369,15,H
1283,1305,22,A
1292,1122,9,H
1295,1362,8,A
1298,1255,8,A
1301,1421,9,H
1304,1377,17,H
1314,1277,12,N
1318,1131,8,A
1326,1460,31,H
1328,1226,4,H
1329,1394,32,H
1335,1420,14,A
1338,1107,33,H
1345,1296,62,H
1347,1174,4,H
1350,1110,10,H
1352,1351,26,H
1353,1171,6,H
1357,1216,20,N
1361,1136,12,H
1376,1441,25,H
1381,1413,1,N
1382,1165,21,H
1386,1443,11,A
1387,1398,34,H
1390,1146,39,H
1391,1126,5,H
1395,1195,1,H
1397,1422,29,H
1403,1407,5,H
1408,1105,9,H
1409,1114,16,H
1418,1319,17,N
1425,1169,7,H
1427,1431,9,A
1429,1140,7,H
1433,1384,6,H
1434,1204,9,A
1435,1332,14,H
1437,1284,36,H
1440,1154,3,N
1448,1259,12,H
1452,1331,7,H
1462,1288,11,H
1463,1148,4,N
1102,1440,10,H
1136,1413,7,N
1142,1363,27,H
1154,1119,11,N
1159,1127,4,A
1173,1442,29,H
1181,1342,41,H
1184,1457,12,A
1191,1139,3,H
1207,1366,29,H
1214,1456,15,H
1222,1212,46,H
1235,1250,9,H
1236,1303,11,H
1253,1225,8,H
1261,1311,22,H
1264,1312,14,H
1280,1375,15,H
1295,1418,20,N
1308,1294,14,A
1320,1330,17,A
1323,1290,13,H
1333,1167,24,H
1336,1216,15,H
1339,1194,5,N
1344,1192,11,H
1355,1444,6,H
1361,1381,33,H
1362,1319,19,H
1371,1383,4,H
1378,1436,2,H
1393,1200,25,H
1439,1190,11,H
1447,1343,16,A
1449,1209,17,H
1458,1244,54,H
1464,1359,7,A
1112,1123,10,H
1114,1322,6,H
1124,1238,33,H
1133,1282,10,H
1143,1203,27,H
1153,1106,25,H
1156,1435,13,A
1166,1152,34,H
1170,1146,21,H
1182,1453,18,H
1205,1252,3,A
1208,1132,9,H
1231,1151,25,H
1241,1145,9,H
1257,1249,20,H
1267,1240,14,H
1268,1423,9,H
1292,1258,7,A
1295,1319,12,N
1301,1287,30,H
1314,1421,16,A
1321,1410,24,H
1325,1404,9,H
1338,1351,8,H
1339,1209,5,N
1361,1413,15,H
1362,1418,1,H
1381,1136,17,N
1385,1420,23,H
1400,1131,36,H
1401,1380,25,H
1409,1368,15,H
1431,1415,11,H
1438,1354,37,H
1449,1194,6,H
1455,1149,28,H
1104,1324,17,H
1107,1135,9,N
1120,1244,13,H
1130,1306,3,H
1144,1187,2,H
1161,1374,19,N
1163,1447,12,H
1165,1127,15,H
1172,1350,13,H
1176,1394,7,A
1177,1290,10,H
1194,1209,7,N
1198,1206,3,N
1199,1416,23,H
1202,1162,4,A
1207,1422,41,H
1210,1175,18,H
1211,1450,8,H
1218,1169,19,H
1222,1430,13,H
1223,1126,2,H
1228,1188,20,H
1232,1419,12,A
1234,1299,16,H
1243,1260,13,H
1248,1384,3,A
1250,1192,11,A
1251,1456,3,A
1259,1164,10,H
1266,1313,31,H
1269,1318,16,H
1271,1110,2,H
1276,1406,17,H
1278,1355,16,H
1279,1212,30,H
1281,1273,18,H
1293,1288,11,A
1304,1425,3,A
1310,1148,9,H
1315,1226,16,H
1316,1366,5,H
1323,1178,6,H
1330,1254,8,H
1336,1347,16,H
1342,1184,28,H
1344,1193,8,A
1345,1219,2,H
1360,1372,5,H
1363,1414,1,H
1378,1265,14,H
1390,1201,16,H
1391,1197,18,A
1393,1264,36,H
1396,1335,6,A
1424,1305,4,H
1439,1284,45,H
1443,1398,3,H
1449,1339,30,H
1454,1296,2,A
1114,1237,5,H
1124,1361,10,H
1139,1151,11,H
1143,1122,17,H
1145,1255,4,A
1150,1141,2,A
1153,1240,14,H
1157,1261,8,H
1158,1287,15,H
1179,1235,9,H
1180,1351,18,A
1181,1277,5,N
1186,1377,9,H
1189,1376,5,H
1190,1111,13,H
1201,1374,2,N
1206,1284,32,N
1217,1221,9,A
1245,1452,10,A
1246,1242,10,N
1264,1135,2,N
1272,1125,16,H
1274,1353,15,H
1275,1173,5,H
1283,1117,31,A
1292,1417,20,A
1325,1249,7,H
1326,1196,7,H
1329,1115,27,H
1337,1113,6,A
1340,1370,1,H
1346,1463,6,H
1352,1389,17,A
1357,1392,11,H
1364,1365,33,H
1387,1356,19,A
1388,1320,16,H
1390,1161,12,H
1393,1107,24,H
1400,1348,10,H
1408,1311,46,H
1411,1185,17,H
1427,1331,1,N
1435,1137,12,H
1437,1247,7,H
1438,1457,21,H
1439,1198,15,H
1451,1429,10,H
1461,1294,19,H
1462,1236,23,H
1110,1194,6,H
1116,1324,23,H
1129,1428,21,H
1133,1369,1,H
1138,1165,9,H
1155,1154,23,A
1166,1412,10,A
1167,1142,2,A
1183,1260,4,H
1199,1391,13,H
1208,1355,11,H
1231,1191,21,A
1248,1383,6,H
1253,1338,10,A
1282,1303,3,H
1291,1216,13,A
1295,1453,4,H
1301,1343,2,H
1308,1307,9,A
1323,1358,33,H
1329,1427,5,H
1330,1224,10,H
1331,1115,36,N
1333,1220,10,H
1336,1254,9,H
1362,1363,2,H
1366,1239,3,H
1373,1298,9,H
1397,1419,23,H
1403,1317,5,H
1430,1212,30,H
1436,1171,12,A
1447,1300,4,H
1448,1204,9,H
1458,1159,27,H
1460,1238,17,H
1104,1268,20,N
1112,1385,9,A
1117,1404,18,H
1144,1299,28,H
1163,1263,20,H
1176,1379,7,H
1195,1341,9,H
1196,1316,36,H
1228,1252,15,H
1229,1188,30,H
1234,1296,33,H
1259,1420,10,A
1269,1312,21,H
1273,1202,20,A
1276,1442,4,H
1278,1193,10,H
1280,1401,9,N
1281,1310,31,H
1285,1225,5,H
1305,1334,24,H
1321,1261,6,N
1322,1106,7,A
1332,1186,8,H
1335,1351,6,A
1345,1233,1,N
1349,1380,15,H
1350,1214,21,H
1353,1357,16,H
1361,1425,2,H
1371,1433,15,N
1386,1210,13,N
1396,1444,14,N
1409,1443,16,N
1424,1145,25,H
1441,1342,7,A
1450,1170,11,H
1452,1108,35,H
1455,1160,9,N
1104,1455,10,N
1140,1255,32,H
1156,1382,3,H
1168,1311,10,N
1181,1172,13,H
1184,1251,8,A
1185,1114,11,H
1192,1389,11,H
1200,1127,15,H
1209,1270,19,H
1210,1433,13,N
1221,1130,22,N
1222,1116,9,N
1232,1123,7,H
1233,1444,6,N
1239,1359,13,H
1244,1151,6,A
1250,1456,25,N
1261,1443,19,N
1266,1457,22,N
1268,1160,7,N
1277,1411,35,H
1279,1179,4,N
1280,1112,10,N
1307,1113,5,A
1313,1180,5,N
1321,1409,4,N
1323,1175,24,H
1326,1238,44,H
1328,1164,27,H
1345,1396,8,N
1367,1410,4,A
1371,1386,8,N
1390,1413,21,A
1395,1438,2,N
1401,1385,1,A
1402,1405,3,N
1408,1271,21,H
1416,1219,12,H
1418,1223,9,H
1434,1103,3,H
1437,1174,10,H
1454,1237,13,H
1462,1275,6,H
1464,1415,4,H
1110,1162,8,A
1111,1399,5,A
1125,1406,46,N
1129,1169,42,H
1133,1315,9,H
1135,1216,7,H
1137,1384,31,H
1142,1425,6,A
1148,1119,16,H
1158,1155,3,A
1167,1337,9,H
1168,1418,6,A
1171,1136,4,H
1173,1423,25,H
1179,1457,4,N
1182,1103,5,N
1184,1456,19,N
1190,1407,10,H
1194,1206,5,H
1211,1218,19,N
1217,1258,10,A
1220,1383,4,H
1229,1252,8,H
1231,1366,29,H
1240,1106,13,H
1245,1108,19,H
1246,1336,38,N
1247,1241,9,H
1249,1150,18,H
1250,1251,10,A
1254,1347,22,N
1257,1139,16,A
1267,1322,22,H
1274,1316,13,H
1286,1428,6,A
1292,1422,22,H
1299,1152,17,H
1308,1431,16,H
1311,1223,10,N
1318,1356,7,H
1324,1212,30,A
1330,1378,2,N
1331,1122,12,H
1333,1400,5,N
1335,1352,6,H
1342,1153,2,A
1343,1138,8,H
1344,1197,22,H
1346,1298,24,H
1350,1357,25,H
1354,1205,5,H
1361,1253,4,H
1362,1370,6,A
1365,1363,26,H
1368,1419,3,H
1373,1291,12,A
1374,1195,1,H
1379,1161,21,A
1393,1159,45,H
1405,1367,5,N
1410,1402,2,H
1426,1256,7,H
1429,1381,3,H
1430,1282,4,H
1435,1301,7,N
1436,1265,9,N
1438,1180,14,N
1440,1420,5,H
1447,1248,6,A
1451,1414,8,A
1453,1461,8,H
1458,1459,36,H
1104,1345,9,N
1125,1292,3,A
1160,1444,5,N
1163,1164,17,H
1165,1131,5,H
1166,1234,23,N
1183,1296,12,A
1185,1237,2,A
1193,1221,21,H
1199,1375,41,H
1202,1260,12,H
1223,1168,5,N
1233,1268,26,N
1235,1441,32,H
1246,1330,10,N
1250,1184,25,N
1254,1436,5,N
1259,1306,6,A
1261,1210,9,N
1265,1347,13,N
1266,1279,30,N
1277,1114,22,H
1285,1360,13,A
1293,1412,7,A
1304,1348,20,H
1305,1341,13,H
1313,1395,13,N
1314,1290,26,H
1320,1294,9,H
1321,1371,7,N
1325,1117,15,H
1332,1369,25,H
1336,1378,4,N
1349,1271,32,H
1353,1214,14,H
1367,1402,8,N
1377,1303,2,H
1386,1409,4,N
1387,1449,13,H
1389,1127,23,H
1396,1455,4,N
1398,1376,1,A
1403,1372,12,H
1405,1410,10,A
1418,1311,27,H
1422,1406,12,N
1424,1288,37,H
1433,1443,5,N
1434,1182,16,H
1448,1300,14,H
1450,1339,10,A
1454,1411,35,H
1456,1251,1,A
1107,1284,36,N
1115,1198,2,N
1132,1122,10,H
1139,1366,15,H
1141,1337,10,A
1143,1208,24,N
1144,1152,6,A
1149,1391,9,H
1153,1322,28,H
1161,1427,10,H
1172,1342,14,H
1180,1457,23,N
1181,1397,10,N
1196,1460,13,N
1203,1178,13,N
1206,1135,26,H
1231,1205,24,H
1232,1453,1,H
1239,1126,10,A
1242,1207,4,N
1264,1201,2,N
1266,1313,2,N
1269,1130,36,A
1273,1358,22,H
1276,1272,12,N
1278,1291,29,H
1279,1395,11,N
1280,1419,15,H
1281,1323,29,N
1301,1400,3,N
1326,1316,35,H
1331,1374,6,H
1351,1224,2,H
1355,1310,8,N
1382,1373,6,A
1435,1333,2,N
1438,1179,8,N
1110,1346,1,H
1116,1430,8,H
1119,1136,4,H
1124,1354,20,H
1132,1178,6,H
1135,1284,8,N
1137,1265,6,A
1138,1145,35,H
1140,1341,39,H
1148,1420,8,H
1156,1245,4,A
1157,1155,1,A
1161,1264,5,H
1170,1413,8,A
1174,1165,8,H
1181,1276,7,N
1186,1218,17,A
1187,1111,20,N
1189,1343,1,A
1190,1150,1,A
1194,1220,2,A
1203,1122,2,N
1206,1107,20,H
1208,1323,4,N
1209,1359,8,A
1228,1350,9,N
1229,1353,6,N
1235,1294,8,H
1242,1417,16,N
1243,1271,42,H
1248,1192,11,H
1249,1404,11,A
1252,1188,3,N
1253,1129,10,H
1257,1117,27,H
1267,1423,5,A
1272,1397,2,N
1273,1310,19,H
1274,1195,10,H
1281,1143,39,N
1295,1303,33,H
1305,1255,2,H
1314,1398,33,H
1320,1441,20,H
1324,1222,2,A
1331,1198,8,H
1338,1247,4,H
1344,1380,6,H
1349,1197,16,H
1352,1241,5,A
1355,1358,17,N
1357,1214,7,N
1364,1339,14,H
1370,1286,12,A
1371,1463,11,H
1374,1115,9,N
1376,1290,4,H
1385,1383,15,H
1392,1162,14,H
1394,1429,3,H
1399,1219,5,A
1408,1298,2,A
1409,1238,6,A
1412,1407,12,H
1424,1142,23,H
1425,1288,3,H
1426,1317,33,H
1427,1201,4,N
1447,1335,6,A
1452,1287,35,N
1458,1282,46,H
1459,1133,4,A
1461,1377,11,H
1104,1105,37,H
1123,1237,7,H
1124,1426,10,H
1139,1205,2,H
1144,1234,16,A
1159,1384,8,H
1160,1102,3,A
1176,1388,12,H
1178,1122,1,N
1181,1242,7,N
1203,1132,21,A
1207,1272,3,N
1210,1373,28,H
1214,1188,4,N
1221,1216,14,H
1227,1191,4,H
1228,1229,4,N
1233,1386,5,H
1246,1347,48,H
1252,1357,2,N
1258,1226,3,A
1276,1417,16,N
1277,1454,13,H
1310,1358,7,N
1315,1285,7,H
1316,1460,17,H
1326,1440,33,H
1332,1304,7,A
1336,1464,11,H
1345,1444,43,H
1350,1353,5,N
1355,1273,13,A
1361,1112,4,A
1362,1171,2,N
1375,1261,4,A
1378,1204,20,H
1390,1329,15,N
1393,1439,11,N
1433,1443,23,A
1436,1330,2,A
1163,1421,10,N
1173,1448,4,N
1193,1113,11,N
1199,1269,20,N
1217,1428,28,N
1232,1403,11,N
1278,1177,1,N
1308,1141,29,N
1328,1450,15,N
1365,1307,3,N
1379,1414,11,N
1387,1130,11,N
1416,1158,11,N
1437,1415,25,N
1107,1298,7,H
1113,1448,28,N
1120,1311,21,H
1130,1415,4,N
1137,1343,6,H
1140,1305,21,N
1141,1414,10,N
1142,1288,1,N
1151,1366,2,H
1155,1202,10,H
1156,1131,1,N
1158,1421,2,N
1166,1144,23,H
1173,1193,7,N
1177,1403,6,N
1196,1239,45,H
1217,1199,5,N
1218,1334,5,H
1235,1344,10,N
1241,1351,17,N
1249,1399,20,A
1255,1341,3,N
1256,1271,19,N
1257,1325,5,H
1267,1153,4,A
1268,1195,6,H
1269,1428,14,N
1278,1232,7,N
1279,1274,3,H
1280,1404,26,H
1282,1459,6,N
1290,1398,1,N
1293,1362,3,N
1294,1441,17,N
1301,1189,15,H
1307,1450,10,N
1314,1376,25,N
1316,1238,9,H
1320,1349,4,N
1321,1392,5,H
1322,1240,5,H
1324,1430,6,H
1326,1434,33,H
1328,1365,12,N
1338,1335,20,A
1348,1220,12,H
1352,1247,7,A
1356,1152,16,H
1367,1410,15,H
1379,1308,8,N
1380,1197,3,N
1387,1437,12,N
1393,1390,6,N
1408,1108,42,H
1416,1163,5,N
1424,1425,11,H
1435,1284,22,H
1438,1453,26,H
1439,1329,2,N
1449,1223,23,H
1455,1412,22,H
1458,1133,23,N
1461,1340,14,H
1462,1208,14,H
1103,1178,18,H
1116,1212,42,H
1129,1296,14,H
1131,1348,6,A
1141,1171,17,N
1142,1290,17,N
1143,1176,21,H
1146,1183,11,H
1148,1216,34,H
1150,1460,4,A
1158,1269,24,N
1162,1264,18,A
1163,1199,2,N
1167,1168,7,A
1172,1423,3,A
1174,1248,3,H
1179,1169,24,H
1182,1418,19,H
1198,1157,2,H
1209,1251,22,H
1211,1444,20,H
1217,1416,10,N
1219,1154,8,H
1220,1156,10,N
1224,1456,9,H
1225,1286,9,H
1234,1236,10,H
1235,1349,27,N
1237,1411,19,H
1241,1335,2,A
1246,1339,24,H
1247,1351,12,H
1258,1319,20,H
1260,1200,14,H
1265,1159,8,H
1270,1170,5,A
1282,1255,40,N
1283,1409,5,H
1285,1253,2,H
1287,1343,12,N
1292,1122,20,A
1293,1379,9,N
1294,1380,20,N
1295,1201,13,H
1304,1355,12,H
1305,1133,5,N
1308,1362,10,N
1318,1385,14,A
1320,1344,17,N
1333,1406,20,A
1337,1427,6,A
1340,1256,18,N
1345,1164,21,H
1354,1244,6,A
1359,1426,2,A
1360,1108,1,N
1361,1364,1,A
1366,1205,6,N
1369,1275,7,H
1371,1389,9,H
1372,1431,18,A
1378,1194,13,H
1383,1312,19,A
1386,1336,18,H
1395,1222,1,A
1398,1288,5,N
1400,1358,16,H
1401,1394,13,H
1405,1227,15,H
1407,1381,4,A
1421,1428,22,N
1424,1314,10,H
1425,1376,3,N
1429,1226,13,A
1436,1373,2,H
1441,1197,16,N
1442,1315,3,A
1443,1368,5,H
1447,1175,23,H
1454,1114,5,A
1458,1140,17,N
1459,1341,7,N
1461,1271,30,H
1463,1119,9,A
1464,1384,1,A
1104,1433,8,H
1107,1192,19,H
1110,1165,2,A
1131,1220,7,N
1132,1396,3,H
1137,1287,4,H
1156,1348,22,A
1173,1278,16,N
1177,1113,4,N
1186,1413,20,H
1205,1151,2,A
1228,1152,47,H
1229,1126,24,H
1231,1139,16,H
1232,1193,6,N
1259,1195,3,H
1263,1221,12,H
1277,1185,32,A
1280,1317,23,H
1281,1127,29,H
1298,1291,8,H
1307,1130,18,N
1313,1184,7,H
1323,1136,25,H
1338,1352,10,H
1340,1271,10,N
1357,1135,13,H
1365,1437,1,N
1374,1204,6,H
1387,1328,20,N
1404,1412,5,A
1408,1360,19,H
1415,1450,1,N
1439,1382,9,H
1448,1403,9,N
1451,1240,8,N
1461,1256,15,H
1120,1115,13,H
1143,1270,16,H
1160,1208,2,H
1196,1391,26,N
1207,1237,23,H
1233,1254,16,H
1245,1418,9,H
1250,1346,11,H
1252,1122,8,H
1257,1253,13,H
1266,1239,32,H
1272,1238,25,H
1286,1363,7,A
1299,1422,22,H
1310,1384,2,A
1324,1397,8,H
1353,1420,38,H
1388,1451,17,H
1390,1334,42,H
1417,1337,23,H
1419,1311,21,A
1426,1410,32,H
1430,1296,11,H
1452,1103,21,H
1462,1435,12,A
1110,1224,11,H
1112,1308,7,A
1117,1369,16,H
1123,1411,11,H
1124,1341,36,H
1153,1275,9,H
1155,1234,16,A
1175,1184,14,H
1191,1106,7,H
1200,1159,10,H
1209,1354,31,A
1214,1219,4,H
1228,1268,9,A
1258,1387,7,H
1261,1222,1,A
1316,1126,5,H
1321,1210,16,A
1322,1114,15,H
1326,1181,22,H
1330,1187,5,H
1332,1431,5,H
1335,1264,3,H
1344,1221,5,H
1345,1274,11,H
1393,1185,36,H
1400,1317,16,H
1407,1190,8,H
1438,1276,12,H
1463,1216,5,A
1116,1290,33,H
1129,1179,44,H
1131,1174,6,H
1135,1348,9,H
1138,1173,29,A
1140,1319,35,N
1142,1170,26,H
1146,1404,7,A
1161,1160,1,H
1166,1361,2,A
1167,1169,7,A
1176,1429,13,A
1183,1263,5,H
1186,1225,7,A
1189,1202,7,H
1206,1137,4,H
1211,1323,20,H
1229,1152,44,H
1231,1301,11,A
1242,1194,23,H
1247,1318,17,H
1269,1406,30,H
1271,1298,13,H
1277,1199,16,H
1278,1439,3,H
1306,1171,3,H
1307,1226,24,H
1312,1119,1,A
1314,1458,3,H
1320,1235,7,A
1325,1267,2,A
1329,1409,3,H
1331,1283,5,H
1336,1130,8,A
1338,1182,11,N
1343,1248,15,H
1349,1223,12,A
1350,1456,31,A
1363,1427,6,H
1368,1256,3,H
1375,1412,8,H
1386,1180,13,H
1395,1249,5,H
1401,1108,12,H
1405,1423,2,H
1408,1380,25,H
1424,1364,6,A
1425,1415,21,A
1433,1378,23,H
1448,1304,2,A
1450,1212,32,H
1461,1430,33,H
1110,1420,11,H
1111,1422,14,H
1117,1382,6,A
1125,1244,46,H
1144,1251,14,H
1148,1136,32,A
1149,1347,10,H
1156,1460,2,A
1157,1440,9,H
1158,1154,19,H
1159,1185,4,H
1172,1459,3,A
1204,1151,8,H
1207,1104,2,A
1209,1198,26,H
1217,1436,7,A
1243,1203,13,H
1245,1287,20,H
1246,1385,22,H
1250,1200,18,A
1254,1447,5,H
1259,1265,13,H
1273,1252,7,A
1279,1177,2,A
1282,1236,15,A
1292,1398,15,A
1293,1443,11,A
1324,1377,18,H
1344,1376,9,A
1352,1192,12,H
1355,1237,4,A
1357,1346,13,A
1362,1285,3,A
1366,1214,16,A
1367,1240,2,H
1383,1291,10,A
1384,1284,22,H
1389,1373,7,H
1390,1370,23,A
1391,1190,8,H
1403,1394,7,A
1418,1270,22,H
1421,1205,6,A
1441,1359,4,A
1442,1295,4,H
1453,1227,3,H
1454,1260,18,H
1455,1168,15,H
1457,1342,3,A
1464,1178,3,A
1153,1208,6,A
1162,1258,8,A
1193,1310,4,A
1233,1145,12,A
1255,1354,11,H
1257,1435,2,H
1264,1351,16,A
1281,1322,34,H
1305,1449,3,H
1321,1290,25,H
1328,1170,29,H
1371,1120,22,H
1393,1196,4,H
1106,1198,3,A
1112,1319,14,H
1113,1409,3,A
1119,1127,20,A
1123,1404,23,A
1125,1273,4,H
1126,1197,15,H
1129,1232,9,H
1131,1130,14,A
1140,1332,14,N
1144,1219,10,H
1148,1357,2,H
1149,1440,33,H
1150,1187,12,A
1156,1178,5,A
1157,1251,10,H
1158,1151,2,H
1162,1317,15,N
1163,1116,13,H
1165,1250,2,H
1168,1188,22,A
1172,1202,21,H
1174,1180,11,H
1175,1271,10,A
1176,1411,16,H
1179,1102,2,H
1182,1399,10,H
1183,1392,3,H
1189,1298,3,H
1195,1190,9,H
1201,1428,30,H
1204,1111,11,H
1205,1457,2,H
1206,1406,12,A
1207,1312,40,H
1209,1456,32,H
1214,1224,18,N
1221,1306,5,H
1222,1394,21,H
1225,1413,20,A
1226,1315,13,H
1228,1211,7,H
1234,1135,21,H
1236,1377,5,H
1241,1220,2,A
1242,1378,28,H
1245,1412,9,H
1246,1314,1,H
1247,1137,26,H
1249,1418,17,H
1252,1244,23,H
1254,1291,9,A
1256,1419,2,A
1259,1373,7,A
1261,1353,5,A
1266,1458,7,A
1272,1122,31,H
1274,1269,8,H
1276,1235,10,H
1278,1425,15,H
1280,1452,13,H
1286,1167,4,H
1295,1237,5,A
1300,1299,19,H
1303,1296,5,A
1307,1283,16,H
1313,1366,2,H
1316,1239,22,H
1320,1161,6,H
1324,1282,13,H
1325,1288,8,H
1326,1410,29,H
1330,1318,10,A
1331,1381,6,H
1334,1429,8,H
1337,1218,6,H
1338,1397,5,A
1342,1347,8,H
1346,1136,11,H
1350,1448,8,A
1352,1284,18,H
1355,1442,1,A
1365,1169,13,H
1369,1368,2,H
1375,1105,23,H
1382,1138,6,A
1384,1192,4,H
1387,1339,20,H
1388,1142,5,A
1395,1191,2,A
1396,1141,12,H
1400,1417,10,A
1401,1372,13,H
1402,1223,27,H
1405,1152,12,A
1407,1275,13,H
1408,1210,5,H
1414,1360,20,H
1416,1216,19,H
1423,1229,9,A
1434,1139,6,A
1437,1335,8,H
1438,1255,33,H
1441,1422,4,H
1447,1383,40,H
1450,1186,26,H
1451,1363,2,H
1453,1260,10,H
1454,1227,2,H
1459,1154,19,H
1460,1464,1,H
1461,1133,17,H
1462,1345,3,H
1463,1436,16,H
1110,1386,6,H
1124,1321,28,A
1166,1304,10,H
1193,1145,9,A
1217,1370,10,H
1231,1391,34,H
1233,1310,36,A
1243,1439,8,A
1263,1348,2,A
1264,1389,26,H
1265,1351,20,H
1268,1323,7,N
1277,1303,42,H
1279,1336,2,A
1292,1103,24,H
1293,1173,17,H
1317,1258,13,A
1333,1285,25,H
1361,1143,1,H
1374,1114,6,A
1376,1155,3,A
1379,1308,8,H
1390,1301,4,H
1421,1367,7,H
1433,1203,15,N
1443,1132,7,H
1455,1424,19,H
1122,1117,4,H
1129,1226,24,H
1146,1369,16,H
1178,1385,6,H
1189,1422,8,A
1199,1149,25,H
1200,1214,1,H
1224,1175,7,H
1249,1410,11,H
1254,1248,2,A
1313,1354,15,H
1344,1135,31,H
1373,1107,4,H
1427,1359,22,A
1454,1177,11,A
1463,1357,2,A
1123,1188,21,A
1125,1398,13,H
1133,1318,11,H
1137,1127,14,A
1150,1347,8,A
1157,1154,22,A
1162,1221,1,H
1184,1300,13,H
1235,1341,25,H
1242,1253,8,H
1245,1241,20,A
1252,1404,15,H
1256,1322,1,H
1266,1449,2,N
1269,1187,5,A
1272,1274,17,A
1278,1111,14,H
1281,1437,10,N
1284,1298,2,A
1314,1191,49,H
1320,1234,20,H
1334,1218,10,H
1338,1440,27,H
1346,1216,9,A
1352,1182,4,A
1371,1312,30,H
1393,1267,6,H
1395,1403,6,H
1400,1426,18,H
1402,1222,3,H
1423,1251,9,A
1429,1430,9,H
1438,1206,20,H
1447,1220,15,H
1459,1408,11,H
1102,1460,21,H
1107,1159,24,H
1110,1214,2,H
1129,1339,22,H
1138,1310,8,A
1140,1451,28,H
1143,1363,45,H
1160,1201,7,H
1167,1170,3,H
1168,1428,31,A
1173,1104,12,H
1177,1260,11,A
1181,1161,23,H
1196,1112,6,H
1210,1208,12,A
1228,1382,5,H
1229,1287,5,A
1233,1176,2,A
1236,1434,9,H
1247,1406,38,A
1248,1336,4,A
1250,1384,21,H
1257,1237,30,H
1259,1203,10,A
1264,1200,34,H
1265,1119,3,H
1268,1291,3,H
1273,1359,5,A
1277,1148,20,H
1282,1315,3,H
1304,1195,1,H
1305,1113,8,A
1306,1135,13,A
1325,1324,2,A
1329,1283,5,A
1335,1174,9,H
1337,1319,9,A
1343,1353,2,A
1345,1441,5,H
1361,1360,12,A
1379,1375,13,A
1386,1131,7,H
1387,1436,19,H
1392,1192,24,H
1396,1405,19,A
1399,1190,9,H
1401,1358,27,H
1412,1292,10,H
1435,1172,4,A
1439,1348,11,A
1443,1356,7,A
1448,1219,4,A
1450,1225,2,A
1455,1409,10,A
1458,1453,28,H
1462,1139,12,A
1463,1136,17,H
1156,1352,4,A
1163,1217,14,H
1178,1444,11,H
1179,1185,13,H
1323,1263,9,H
1328,1331,14,H
1344,1130,7,H
1377,1145,12,A
1452,1243,5,N
1193,1330,8,N
1196,1351,21,N
1221,1357,11,H
1225,1333,14,A
1235,1234,10,H
1269,1373,4,N
1461,1160,11,A
1102,1115,12,H
1112,1155,16,H
1113,1295,3,H
1117,1146,7,H
1122,1397,4,A
1123,1139,3,H
1135,1148,10,H
1138,1464,8,H
1140,1428,19,A
1142,1363,7,A
1150,1172,23,H
1156,1103,3,H
1159,1383,2,H
1162,1254,10,H
1169,1337,3,A
1174,1175,16,A
1177,1152,7,H
1180,1343,4,H
1181,1449,6,N
1182,1336,7,H
1184,1204,4,H
1190,1111,17,A
1191,1299,21,H
1205,1354,30,H
1206,1347,15,A
1207,1224,14,H
1209,1348,32,H
1210,1366,20,A
1217,1131,24,A
1227,1296,7,H
1231,1246,1,H
1236,1303,3,A
1237,1443,8,H
1240,1380,5,N
1242,1326,11,H
1245,1441,2,A
1247,1119,12,H
1250,1447,1,A
1257,1192,22,H
1258,1226,8,H
1259,1291,11,A
1260,1405,2,A
1261,1129,19,H
1264,1220,9,A
1266,1453,18,H
1273,1151,11,H
1276,1324,10,N
1277,1211,7,A
1278,1389,22,H
1279,1290,24,H
1280,1407,38,H
1281,1298,25,H
1282,1369,5,A
1283,1114,8,A
1284,1200,15,H
1292,1404,16,H
1304,1395,12,A
1305,1285,6,A
1307,1425,3,A
1310,1216,3,A
1314,1253,6,H
1317,1358,3,H
1319,1167,13,H
1320,1454,16,H
1323,1171,18,H
1325,1339,18,A
1328,1116,15,H
1332,1201,4,H
1338,1329,6,N
1344,1136,11,H
1345,1185,25,H
1355,1315,38,H
1360,1263,14,H
1362,1334,10,H
1371,1448,14,H
1372,1106,26,H
1377,1287,1,A
1379,1256,16,H
1382,1145,19,H
1384,1110,5,H
1386,1166,9,H
1393,1203,35,H
1396,1437,11,H
1398,1141,8,H
1399,1252,2,H
1400,1402,34,H
1401,1419,13,H
1416,1126,2,H
1417,1335,4,N
1420,1406,4,A
1430,1340,6,H
1433,1350,22,H
1434,1132,3,H
1442,1183,16,H
1451,1381,18,H
1452,1274,11,H
1455,1429,7,H
1458,1424,11,H
1460,1275,2,A
1462,1153,23,H
1104,1178,8,H
1130,1392,15,H
1143,1238,27,H
1168,1186,15,H
1173,1367,4,H
1193,1306,6,H
1198,1372,2,A
1199,1422,15,H
1202,1239,6,H
1218,1413,13,H
1225,1370,11,A
1228,1164,17,H
1243,1316,11,H
1267,1233,19,H
1293,1272,4,A
1301,1300,5,H
1346,1436,4,A
1357,1248,5,H
1375,1108,40,H
1378,1197,24,H
1408,1240,8,H
1415,1286,2,A
1431,1308,4,H
1439,1313,13,H
1444,1356,11,H
1450,1365,38,H
1200,1373,15,A
1255,1440,21,H
1311,1419,12,A
1331,1114,3,A
1332,1340,9,H
1353,1284,15,H
1368,1380,4,H
1383,1224,2,A
1180,1310,13,A
1236,1171,5,H
1276,1115,13,H
1278,1141,20,H
1280,1194,7,H
1292,1125,3,H
1333,1227,42,H
1364,1360,4,A
1376,1342,8,H
1388,1238,24,H
1400,1311,53,H
1416,1299,12,H
1437,1131,25,H
1458,1454,6,A
1461,1414,10,H
1117,1370,13,H
1120,1378,12,H
1124,1126,27,H
1149,1154,19,A
1153,1460,20,A
1158,1397,6,H
1164,1406,14,H
1176,1294,6,A
1177,1296,23,A
1223,1144,11,H
1233,1350,9,A
1256,1270,2,H
1268,1198,4,H
1279,1418,12,H
1288,1420,13,A
1313,1254,11,H
1326,1367,24,H
1343,1351,1,A
1417,1186,13,H
1424,1431,11,H
1455,1152,50,H
1103,1115,23,H
1125,1407,23,H
1133,1203,1,A
1211,1331,6,H
1238,1374,1,N
1261,1414,7,H
1281,1244,37,H
1293,1252,24,H
1315,1355,19,H
1321,1411,30,H
1322,1419,13,A
1333,1224,21,H
1340,1167,4,H
1375,1394,2,A
1388,1299,39,H
1457,1239,14,A
1458,1366,33,H
1141,1227,3,H
1143,1451,20,H
1187,1422,9,A
1282,1145,5,H
1428,1226,12,H
1449,1364,7,H
1102,1271,4,H
1103,1197,22,H
1116,1368,7,H
1120,1316,13,H
1124,1140,3,A
1137,1350,14,H
1139,1345,2,N
1142,1201,19,A
1153,1347,31,H
1155,1457,20,H
1158,1149,2,H
1165,1107,3,H
1166,1223,35,H
1171,1189,8,H
1173,1198,21,H
1176,1129,17,H
1177,1115,19,H
1180,1133,5,H
1184,1240,6,A
1196,1401,20,N
1202,1443,13,A
1207,1110,26,H
1208,1425,4,A
1209,1430,3,A
1211,1112,11,N
1220,1127,20,H
1225,1167,28,H
1231,1323,11,N
1232,1435,6,A
1233,1436,1,A
1234,1179,14,H
1243,1104,13,N
1246,1151,25,H
1249,1349,6,A
1251,1214,9,H
1254,1389,2,H
1256,1114,3,H
1257,1272,8,H
1260,1152,15,H
1266,1294,21,H
1267,1219,20,H
1269,1346,5,H
1274,1194,3,N
1275,1125,5,H
1276,1105,30,H
1277,1132,14,H
1280,1178,5,A
1283,1244,23,H
1285,1339,15,A
1293,1117,13,H
1304,1108,14,H
1305,1415,24,H
1306,1265,17,H
1307,1329,10,N
1314,1111,15,H
1319,1113,1,A
1321,1148,6,H
1324,1434,2,A
1325,1460,28,A
1326,1376,8,A
1328,1222,5,N
1338,1354,14,H
1351,1420,7,A
1352,1418,8,H
1353,1392,9,N
1356,1296,13,A
1365,1334,2,H
1367,1391,16,A
1379,1279,4,H
1385,1200,6,H
1386,1437,16,H
1387,1106,30,H
1388,1126,25,H
1390,1360,20,H
1393,1301,16,A
1398,1175,4,A
1399,1191,2,A
1400,1396,12,H
1405,1464,9,H
1409,1426,5,H
1416,1330,8,H
1417,1413,43,N
1424,1228,16,N
1429,1370,25,H
1431,1380,30,H
1433,1423,23,H
1439,1144,25,H
1444,1182,14,H
1452,1394,20,H
1454,1303,36,H
1119,1410,2,H
1130,1136,20,H
1145,1377,10,A
1163,1221,37,H
1170,1315,11,H
1199,1258,16,H
1218,1299,8,N
1229,1313,32,H
1235,1141,7,H
1236,1404,6,A
1281,1456,38,H
1317,1238,14,H
1321,1183,15,H
1331,1462,22,A
1333,1340,33,H
1336,1291,29,H
1337,1286,23,H
1343,1318,9,A
1355,1449,19,A
1371,1273,3,H
1382,1259,10,H
1403,1212,28,H
1438,1332,13,A
1448,1205,8,H
1459,1239,6,H
1463,1348,3,A
1103,1464,26,H
1107,1383,12,A
1120,1197,7,H
1129,1201,7,H
1143,1364,20,H
1150,1164,11,H
1155,1106,25,H
1159,1171,6,H
1160,1167,6,H
1161,1411,24,H
1166,1409,19,A
1172,1242,6,N
1174,1247,4,H
1176,1461,11,H
1181,1422,27,H
1187,1157,25,H
1196,1290,28,H
1210,1105,11,H
1227,1442,1,H
1228,1165,4,H
1231,1224,57,H
1234,1146,41,H
1237,1123,9,H
1241,1154,18,H
1261,1266,8,H
1263,1430,17,H
1267,1125,1,H
1272,1252,10,H
1277,1282,35,H
1283,1394,13,H
1287,1127,19,A
1308,1380,25,H
1314,1311,50,H
1323,1357,41,H
1356,1188,23,H
1361,1415,25,H
1367,1195,5,A
1374,1369,19,A
1375,1204,13,H
1378,1156,15,H
1379,1113,3,A
1388,1244,23,H
1390,1126,19,H
1396,1349,7,A
1423,1144,2,H
1424,1419,18,H
1425,1395,24,H
1428,1339,5,H
1431,1270,15,H
1435,1255,28,H
1439,1316,29,H
1452,1399,19,H
1112,1324,12,H
1116,1184,14,H
1140,1138,15,H
1185,1347,4,A
1191,1275,2,A
1208,1273,14,H
1211,1139,16,H
1222,1427,2,H
1229,1114,7,H
1245,1389,9,N
1246,1359,32,H
1254,1402,16,H
1256,1318,3,H
1257,1158,7,H
1264,1406,19,A
1301,1382,2,N
1304,1141,3,H
1307,1286,45,H
1313,1405,2,A
1317,1212,42,H
1325,1320,17,A
1326,1249,20,H
1332,1300,13,H
1338,1384,24,H
1341,1372,3,N
1342,1202,4,H
1344,1306,15,H
1345,1236,25,H
1350,1330,8,H
1352,1214,10,H
1358,1319,24,H
1363,1413,20,H
1388,1186,16,H
1393,1137,19,H
1397,1421,4,H
1407,1381,8,H
1417,1414,29,H
1429,1426,4,H
1433,1412,19,H
1434,1296,11,A
1441,1133,1,A
1444,1457,5,H
1460,1225,2,H
1103,1299,27,H
1104,1329,17,N
1119,1171,3,H
1125,1122,10,A
1130,1357,10,H
1149,1391,7,A
1153,1115,48,H
1177,1142,5,H
1179,1146,23,H
1182,1206,11,A
1201,1113,3,A
1219,1459,8,H
1223,1365,1,H
1232,1419,15,H
1233,1456,18,A
1235,1252,17,H
1263,1183,4,H
1265,1216,3,H
1288,1258,24,H
1292,1279,12,N
1293,1404,24,H
1300,1372,8,N
1308,1270,20,H
1314,1400,19,H
1316,1197,27,A
1328,1354,35,H
1332,1341,8,H
1333,1152,26,A
1336,1165,7,H
1371,1173,5,A
1376,1368,19,H
1385,1410,5,H
1386,1164,9,H
1398,1105,10,H
1418,1416,1,H
1426,1245,1,N
1429,1389,25,H
1435,1248,31,H
1436,1192,18,A
1438,1370,6,A
1448,1423,9,H
1111,1144,3,H
1112,1136,40,H
1116,1256,14,H
1120,1218,3,A
1124,1388,13,N
1126,1394,9,N
1132,1198,8,A
1137,1131,14,A
1139,1390,5,A
1140,1364,14,H
1156,1358,18,H
1158,1157,7,A
1160,1411,5,H
1161,1294,14,A
1163,1193,8,H
1166,1321,8,H
1167,1334,30,H
1168,1340,6,H
1176,1154,12,H
1178,1106,24,H
1180,1127,24,A
1187,1205,14,H
1195,1405,3,H
1196,1199,18,H
1200,1402,11,H
1207,1272,11,H
1209,1204,20,H
1211,1102,10,H
1217,1194,12,H
1220,1159,23,H
1221,1362,5,H
1224,1174,5,H
1231,1420,42,H
1234,1129,9,H
1241,1203,5,A
1242,1425,16,A
1243,1356,25,N
1246,1259,24,H
1247,1148,26,A
1253,1462,10,N
1260,1145,14,A
1261,1317,9,A
1266,1454,14,H
1269,1172,8,H
1273,1210,6,A
1274,1150,15,A
1276,1133,11,H
1277,1250,9,H
1278,1295,4,H
1280,1322,15,N
1281,1228,4,N
1285,1430,13,H
1300,1341,11,N
1301,1318,29,H
1305,1339,18,H
1307,1282,25,H
1326,1275,29,H
1330,1440,8,H
1331,1403,16,H
1332,1372,10,H
1342,1298,16,H
1346,1310,4,H
1349,1401,7,A
1351,1284,12,A
1352,1464,3,A
1353,1312,24,H
1361,1189,26,H
1366,1291,4,H
1369,1170,1,A
1373,1343,4,H
1375,1360,6,N
1379,1378,2,H
1381,1413,11,H
1387,1117,24,H
1393,1408,19,H
1395,1212,32,H
1399,1244,13,N
1412,1239,5,H
1415,1363,2,H
1426,1389,5,N
1427,1407,6,A
1429,1245,19,H
1431,1155,13,N
1433,1422,12,A
1437,1110,21,H
1439,1185,21,H
1442,1315,22,H
1449,1169,23,H
1450,1337,11,N
1451,1428,29,H
1452,1283,2,N
1453,1225,2,H
1460,1141,18,H
1461,1226,24,A
1107,1171,8,H
1124,1452,2,N
1153,1152,35,H
1155,1356,8,N
1173,1227,7,H
1206,1264,20,H
1208,1202,14,H
1218,1462,2,H
1237,1434,9,H
1243,1431,8,N
1244,1394,4,N
1253,1120,21,N
1257,1443,10,H
1263,1135,13,A
1268,1347,5,H
1287,1123,8,H
1313,1383,10,A
1325,1299,16,H
1335,1265,13,H
1344,1348,19,A
1371,1255,26,A
1382,1384,24,H
1388,1283,16,N
1397,1190,3,H
1399,1126,8,N
1417,1350,8,H
1424,1143,17,H
1436,1406,16,A
1444,1324,15,A
1447,1338,5,A
1458,1290,34,H
1218,1155,7,H
1243,1253,17,N
1431,1120,7,N
1462,1356,10,N
1208,1457,6,H
1228,1278,9,H
1323,1338,13,H
1385,1344,24,H
1387,1411,32,H
1403,1167,16,H
1438,1271,27,H
1458,1304,24,A
1116,1150,13,H
1124,1280,2,N
1145,1127,9,H
1156,1405,8,A
1161,1431,3,A
1163,1378,3,A
1179,1232,15,H
1180,1193,8,H
1182,1132,10,H
1186,1286,16,A
1207,1257,3,A
1211,1339,39,H
1222,1299,4,H
1240,1115,23,N
1246,1249,22,H
1248,1284,15,H
1250,1389,9,A
1259,1137,5,A
1265,1162,20,H
1268,1107,11,H
1277,1231,15,H
1283,1166,12,A
1285,1340,11,H
1295,1324,27,H
1307,1308,20,A
1310,1420,17,H
1312,1192,13,H
1326,1321,33,H
1329,1374,10,N
1331,1282,7,A
1342,1119,7,H
1345,1234,3,A
1346,1159,10,A
1349,1394,12,H
1350,1251,16,H
1355,1236,36,H
1358,1359,16,H
1369,1287,16,H
1373,1194,7,A
1376,1459,12,H
1381,1377,6,A
1386,1288,31,H
1392,1165,9,H
1393,1371,26,H
1396,1138,2,H
1409,1273,6,H
1412,1203,7,A
1415,1427,5,A
1424,1146,49,H
1441,1421,19,H
1452,1437,14,H
1455,1133,39,A
1104,1239,17,H
1114,1317,3,A
1125,1267,5,H
1139,1453,4,H
1143,1425,4,H
1151,1255,35,H
1153,1328,1,H
1161,1240,23,N
1168,1413,1,H
1172,1335,5,H
1176,1407,17,H
1184,1122,2,H
1187,1300,8,H
1188,1399,15,H
1191,1356,18,H
1195,1263,12,H
1200,1210,6,H
1201,1334,8,A
1217,1130,21,A
1218,1354,27,H
1220,1233,8,H
1227,1178,4,H
1229,1320,4,H
1242,1224,55,H
1245,1117,15,A
1247,1131,17,H
1261,1212,32,H
1272,1352,17,H
1275,1456,4,H
1276,1336,18,H
1291,1110,7,H
1292,1198,5,H
1301,1144,6,H
1314,1189,38,H
1319,1170,9,H
1332,1450,17,N
1337,1362,16,H
1348,1241,19,N
1353,1196,2,H
1357,1306,18,A
1363,1164,15,N
1365,1185,20,H
1370,1303,19,H
1379,1108,31,H
1383,1135,17,H
1388,1140,16,H
1390,1417,1,H
1397,1154,31,H
1398,1404,16,H
1414,1169,9,A
1416,1391,10,H
1426,1410,27,A
1430,1214,2,N
1431,1115,21,H
1433,1103,1,A
1435,1266,17,A
1443,1419,5,A
1447,1102,11,N
1448,1463,1,H
1449,1333,15,H
1451,1226,14,H
1454,1434,2,A
1460,1260,16,A
1102,1185,5,N
1116,1411,28,H
1120,1204,3,H
1151,1430,15,H
1162,1248,10,H
1164,1303,10,N
1173,1279,12,H
1181,1444,40,H
1206,1158,8,A
1208,1175,7,H
1214,1255,3,N
1222,1402,23,H
1237,1442,7,H
1241,1391,2,N
1254,1312,10,H
1264,1127,43,A
1269,1148,32,H
1273,1298,9,A
1274,1111,30,H
1281,1330,7,A
1285,1186,8,H
1286,1340,13,H
1293,1183,33,A
1295,1236,16,H
1318,1436,2,A
1325,1244,8,H
1331,1377,12,A
1343,1199,2,A
1350,1422,20,H
1355,1324,12,H
1363,1370,10,A
1371,1452,19,H
1381,1282,14,A
1382,1310,2,A
1392,1351,17,H
1396,1174,3,A
1403,1368,8,H
1416,1348,11,H
1423,1202,11,H
1438,1406,7,H
1447,1365,2,A
1107,1291,1,A
1112,1113,17,H
1114,1176,7,A
1117,1419,2,A
1119,1383,9,H
1123,1152,28,H
1129,1225,3,N
1137,1165,3,H
1139,1454,4,H
1140,1360,36,H
1143,1417,16,H
1149,1251,5,A
1157,1219,3,A
1160,1428,40,H
1163,1385,14,H
1166,1455,7,A
1178,1260,11,A
1180,1384,21,H
1182,1223,46,H
1184,1398,5,H
1188,1240,5,H
1196,1463,20,H
1198,1443,18,A
1203,1175,18,H
1205,1347,6,A
1207,1344,9,H
1211,1462,7,A
1217,1386,5,H
1221,1171,4,A
1231,1326,4,H
1232,1133,11,H
1234,1458,7,A
1235,1290,2,H
1242,1315,26,H
1243,1224,36,H
1246,1257,7,H
1247,1216,18,H
1250,1136,17,A
1258,1362,1,A
1268,1359,12,H
1272,1150,9,H
1277,1304,13,A
1280,1429,2,H
1283,1179,11,H
1287,1122,4,H
1292,1375,16,H
1294,1319,16,H
1301,1441,27,H
1306,1159,7,H
1307,1387,4,H
1308,1115,16,H
1317,1407,22,H
1328,1322,20,H
1345,1228,15,H
1346,1131,6,H
1374,1256,8,H
1376,1367,6,H
1379,1270,9,A
1388,1337,29,A
1390,1425,8,H
1399,1404,23,A
1400,1349,14,H
1408,1410,11,A
1409,1395,8,A
1412,1105,34,H
1418,1194,12,H
1421,1457,5,A
1424,1218,5,A
1434,1453,3,H
1439,1329,6,A
1440,1342,8,H
1449,1332,16,H
1450,1333,5,N
1451,1170,11,H
1460,1227,4,A
1464,1156,6,A
1103,1267,16,A
1153,1338,3,A
1155,1190,7,H
1181,1335,30,H
1191,1320,11,A
1193,1145,18,H
1266,1437,4,H
1276,1278,5,H
1313,1298,6,A
1314,1284,37,H
1321,1336,12,H
1343,1197,15,A
1356,1229,15,H
1378,1353,2,H
1393,1177,19,A
1427,1132,7,H
1107,1216,25,H
1110,1135,9,A
1120,1126,26,H
1124,1401,9,H
1125,1316,30,A
1144,1157,5,H
1162,1192,15,H
1168,1334,5,H
1169,1415,11,A
1201,1129,13,H
1206,1456,14,H
1209,1180,14,H
1219,1149,10,H
1226,1294,2,A
1252,1239,6,A
1253,1414,14,A
1263,1127,15,A
1265,1389,4,H
1273,1195,22,H
1274,1422,10,H
1308,1167,1,A
1310,1259,5,A
1312,1248,20,H
1318,1406,9,A
1330,1241,6,A
1342,1251,7,A
1348,1130,6,A
1351,1264,11,A
1352,1325,3,A
1364,1142,1,A
1369,1240,18,H
1391,1244,4,A
1392,1436,6,H
1397,1151,13,H
1420,1306,6,A
1421,1347,10,A
1423,1174,5,H
1433,1220,17,A
1435,1275,7,H
1438,1261,5,A
1440,1205,4,H
1459,1448,4,A
1104,1210,25,A
1106,1212,11,A
1116,1366,17,H
1119,1255,19,H
1137,1171,8,A
1166,1179,17,H
1196,1412,18,H
1200,1217,6,H
1233,1373,36,N
1236,1381,21,H
1237,1282,9,H
1238,1105,3,H
1246,1114,22,N
1250,1271,27,H
1257,1385,15,A
1268,1165,8,H
1277,1458,3,A
1279,1374,2,H
1281,1328,38,H
1290,1115,15,H
1307,1223,37,H
1326,1304,31,H
1331,1324,9,A
1362,1288,13,H
1371,1163,12,H
1376,1354,28,H
1380,1341,8,A
1411,1108,35,H
1442,1377,23,H
1444,1454,11,H
1461,1430,6,A
1463,1221,15,H
1123,1197,15,H
1125,1239,12,A
1150,1350,5,H
1153,1323,16,H
1162,1159,7,A
1164,1224,6,A
1173,1387,7,H
1174,1220,1,H
1180,1406,33,H
1183,1188,14,A
1190,1367,15,H
1195,1244,7,A
1199,1120,29,H
1206,1330,9,A
1207,1266,3,H
1209,1433,2,A
1222,1409,1,H
1228,1321,1,A
1229,1283,8,A
1234,1278,2,A
1235,1400,6,H
1242,1243,18,H
1247,1462,10,H
1249,1394,16,A
1267,1431,16,H
1272,1397,18,H
1273,1391,16,H
1293,1184,9,H
1301,1175,34,H
1316,1252,21,H
1320,1232,17,H
1329,1403,8,H
1335,1248,5,A
1356,1133,9,A
1372,1402,1,A
1379,1187,2,H
1382,1203,10,H
1386,1182,2,A
1393,1344,14,A
1395,1349,4,H
1396,1181,5,H
1416,1408,7,H
1423,1318,8,A
1426,1368,39,H
1427,1311,41,H
1452,1353,21,A
1455,1191,1,A
1456,1241,7,H
1106,1238,3,A
1107,1420,17,A
1111,1359,5,A
1113,1425,9,A
1140,1258,8,A
1148,1384,11,H
1149,1144,18,H
1151,1441,16,H
1156,1227,17,H
1160,1449,18,H
1172,1422,29,A
1176,1117,3,A
1177,1338,3,H
1194,1419,28,H
1202,1154,32,H
1204,1189,6,A
1211,1337,28,H
1212,1105,5,H
1216,1306,7,H
1219,1342,6,A
1231,1276,2,H
1236,1237,5,H
1253,1142,5,H
1254,1357,6,A
1259,1264,1,H
1269,1200,4,H
1284,1291,14,H
1286,1226,4,A
1287,1240,8,A
1292,1407,10,A
1305,1225,18,A
1317,1375,5,A
1331,1295,9,H
1332,1390,11,H
1333,1143,7,H
1336,1345,20,H
1339,1365,10,H
1340,1319,20,H
1341,1108,8,H
1352,1136,31,A
1355,1381,7,A
1364,1168,13,H
1369,1404,2,A
1378,1437,17,A
1383,1346,1,H
1388,1360,6,A
1389,1145,4,H
1392,1127,6,A
1399,1398,6,H
1411,1380,34,H
1414,1334,4,A
1415,1413,2,A
1417,1112,7,N
1418,1443,2,A
1421,1440,9,H
1424,1167,32,A
1428,1450,2,H
1429,1201,19,H
1436,1131,14,H
1442,1324,10,A
1447,1192,24,A
1451,1186,7,A
1457,1347,16,H
1459,1158,17,H
1464,1260,4,H
1102,1152,14,H
1139,1460,1,A
1233,1310,12,H
1252,1125,11,A
1351,1265,13,H
1373,1193,13,H
1434,1178,2,A
1103,1275,5,A
1104,1208,15,A
1105,1115,3,H
1108,1238,3,H
1110,1159,28,H
1114,1194,2,H
1116,1280,10,H
1117,1317,3,H
1123,1444,9,H
1124,1403,13,A
1126,1299,3,A
1132,1325,10,H
1136,1384,3,H
1137,1119,16,A
1138,1245,1,H
1140,1362,25,H
1141,1405,16,H
1142,1168,6,H
1144,1342,12,A
1148,1352,15,H
1150,1386,5,A
1151,1111,2,H
1154,1359,11,H
1155,1199,20,H
1156,1260,21,H
1157,1149,3,A
1158,1202,23,A
1160,1450,11,H
1161,1303,24,H
1166,1133,9,A
1167,1410,15,H
1172,1204,22,H
1173,1396,10,A
1174,1456,11,A
1176,1375,17,A
1181,1210,7,A
1182,1382,14,H
1183,1223,12,A
1184,1369,4,H
1185,1296,7,A
1186,1319,17,H
1188,1404,4,A
1190,1273,15,H
1197,1300,2,A
1205,1219,4,H
1206,1209,3,H
1211,1365,22,H
1214,1224,2,H
1217,1171,16,H
1218,1363,13,H
1221,1250,6,H
1225,1201,4,H
1228,1304,5,H
1229,1191,2,H
1235,1401,24,A
1240,1398,7,H
1242,1328,11,A
1243,1281,16,H
1246,1376,15,H
1248,1298,2,A
1249,1146,36,H
1253,1169,13,A
1254,1346,4,A
1255,1312,15,H
1258,1360,11,A
1259,1145,15,H
1261,1279,26,H
1263,1420,19,H
1267,1349,2,A
1270,1394,2,A
1272,1412,3,A
1283,1232,6,A
1285,1226,24,A
1288,1354,5,A
1290,1106,7,A
1291,1192,21,A
1292,1418,12,H
1293,1122,12,A
1294,1170,8,A
1295,1381,3,A
1305,1429,7,A
1307,1315,28,H
1308,1256,10,A
1313,1271,6,H
1314,1130,23,H
1316,1195,7,A
1318,1241,12,A
1320,1179,15,A
1322,1402,15,H
1323,1257,2,A
1324,1237,12,H
1326,1234,29,A
1330,1406,37,H
1331,1355,22,H
1339,1337,10,H
1350,1348,17,A
1353,1163,7,H
1366,1164,12,H
1367,1244,15,H
1371,1344,9,A
1372,1368,27,H
1374,1409,2,A
1377,1282,19,A
1379,1408,5,A
1380,1212,13,H
1383,1357,15,A
1385,1153,2,A
1387,1203,22,H
1390,1333,2,A
1391,1239,12,H
1393,1266,7,H
1397,1196,11,H
1399,1287,11,H
1400,1329,9,H
1407,1443,2,A
1411,1341,35,H
1414,1413,15,A
1415,1334,7,A
1416,1187,18,A
1417,1113,17,N
1419,1198,4,A
1421,1251,23,H
1423,1220,6,H
1426,1311,30,H
1427,1358,2,A
1430,1370,5,H
1431,1222,20,H
1435,1120,30,H
1438,1274,1,H
1441,1459,10,H
1442,1236,10,A
1447,1284,10,A
1448,1439,3,H
1449,1428,4,A
1451,1340,7,A
1452,1207,12,H
1454,1453,1,H
1455,1356,10,A
1457,1440,7,H
1462,1200,8,A
1464,1227,21,H
1112,1425,11,A
1131,1127,19,H
1143,1332,17,A
1162,1189,5,A
1178,1139,11,H
1180,1433,6,H
1231,1336,6,A
1233,1265,24,A
1247,1269,7,H
1264,1193,2,H
1276,1458,18,H
1301,1268,5,H
1345,1278,13,A
1351,1389,14,A
1373,1310,12,H
1392,1107,13,H
1436,1216,13,A
1437,1177,16,H
1460,1434,18,H
1102,1410,17,H
1106,1115,6,H
1153,1207,4,A
1163,1452,7,H
1164,1354,21,A
1190,1244,4,H
1194,1117,8,A
1195,1239,11,H
1212,1108,1,A
1241,1214,7,H
1273,1367,7,A
1290,1105,12,A
1299,1197,3,H
1300,1126,5,H
1313,1224,20,H
1329,1328,7,H
1366,1288,2,H
1380,1238,31,H
1388,1362,15,H
1391,1316,4,H
1461,1226,24,H
1123,1405,2,A
1124,1243,2,A
1166,1320,3,H
1167,1312,1,H
1179,1133,8,H
1196,1208,22,H
1199,1439,4,A
1205,1149,3,H
1217,1284,9,A
1228,1326,5,H
1232,1191,2,H
1247,1335,11,A
1277,1234,34,H
1283,1356,12,H
1314,1274,17,H
1323,1378,11,H
1344,1257,31,H
1361,1152,8,H
1371,1177,21,H
1435,1376,10,A
1440,1251,14,H
1449,1370,8,H
1455,1229,3,H
1103,1132,1,A
1104,1261,16,H
1107,1306,23,H
1131,1263,9,A
1137,1159,13,H
1141,1185,4,A
1161,1176,4,H
1203,1348,8,H
1209,1423,14,H
1210,1301,11,A
1221,1298,4,H
1242,1403,35,A
1245,1275,4,H
1246,1120,15,A
1248,1119,12,H
1250,1110,11,H
1255,1135,2,A
1266,1385,19,H
1267,1412,2,A
1268,1448,6,H
1269,1150,10,H
1270,1249,3,H
1272,1379,2,H
1276,1321,2,H
1279,1116,8,H
1281,1235,7,A
1304,1336,12,H
1318,1220,2,A
1322,1311,1,A
1325,1138,8,H
1330,1174,2,A
1349,1374,16,A
1353,1338,23,A
1372,1146,11,A
1382,1173,8,H
1386,1200,18,H
1392,1420,40,A
1393,1437,13,A
1394,1427,1,A
1395,1410,30,H
1396,1387,5,A
1398,1287,5,H
1400,1401,10,H
1409,1431,11,H
1416,1222,11,H
1426,1358,26,H
1444,1296,9,H
1456,1406,17,A
1462,1182,28,H
1111,1202,6,H
1112,1333,8,H
1114,1419,21,A
1122,1184,15,H
1130,1155,2,H
1142,1414,16,A
1143,1160,7,H
1148,1291,5,A
1149,1342,7,H
1151,1459,3,H
1157,1205,2,H
1172,1441,21,H
1178,1453,7,A
1180,1206,7,H
1181,1438,3,H
1183,1404,13,H
1186,1170,5,A
1189,1154,15,A
1204,1359,5,H
1218,1201,6,A
1219,1457,10,H
1225,1256,2,A
1251,1347,5,H
1253,1413,28,H
1254,1192,18,H
1258,1337,10,A
1264,1233,3,A
1278,1231,3,A
1280,1397,4,H
1285,1319,25,A
1292,1198,11,A
1293,1240,11,H
1295,1282,1,H
1305,1363,24,H
1308,1429,20,H
1317,1443,17,H
1331,1442,1,A
1332,1113,9,A
1334,1169,20,A
1340,1294,11,A
1346,1352,2,A
1355,1377,30,H
1357,1384,3,A
1360,1365,13,A
1362,1339,34,H
1369,1188,17,H
1373,1351,4,H
1375,1418,5,A
1381,1237,8,A
1383,1284,17,H
1388,1211,21,H
1390,1428,3,H
1415,1364,9,H
1421,1144,7,A
1422,1158,7,A
1433,1241,20,H
1436,1127,20,H
1447,1136,17,H
1451,1286,14,H
1454,1460,20,H
1458,1345,5,A
1145,1265,10,H
1156,1139,7,A
1165,1343,8,H
1166,1229,9,A
1179,1191,9,A
1259,1193,3,A
1273,1244,30,H
1310,1389,12,H
1320,1283,1,H
1335,1162,2,A
1356,1232,6,H
1378,1371,1,H
1430,1370,10,A
1434,1464,14,H
1455,1133,37,H
1102,1129,15,A
1103,1325,5,H
1106,1105,3,H
1107,1263,1,H
1110,1221,13,H
1113,1333,10,H
1114,1117,1,A
1116,1261,9,H
1119,1298,13,A
1120,1279,1,H
1122,1240,3,H
1124,1329,41,H
1125,1391,13,H
1126,1354,6,H
1130,1439,2,H
1131,1392,6,H
1137,1248,14,A
1140,1365,17,H
1143,1428,36,H
1144,1205,6,H
1146,1322,4,A
1153,1437,4,H
1157,1342,18,H
1158,1189,19,H
1161,1395,6,H
1163,1323,14,A
1164,1214,17,H
1167,1168,2,H
1169,1413,4,H
1171,1255,16,H
1172,1111,4,A
1173,1247,4,H
1180,1423,22,A
1182,1348,7,A
1185,1123,3,A
1190,1239,14,A
1195,1252,4,A
1196,1376,14,A
1199,1314,33,H
1201,1363,9,H
1202,1441,3,A
1206,1241,6,A
1209,1406,15,H
1211,1258,4,A
1217,1203,21,H
1226,1170,1,A
1227,1260,7,H
1234,1276,16,H
1242,1235,9,H
1245,1132,5,H
1246,1397,3,A
1250,1159,22,A
1253,1334,10,H
1254,1284,20,H
1257,1177,17,H
1264,1373,19,H
1266,1338,5,H
1267,1416,1,H
1269,1386,9,H
1271,1175,3,A
1272,1222,34,A
1275,1138,1,H
1280,1104,4,H
1281,1400,11,H
1286,1319,2,A
1287,1184,3,H
1290,1108,19,H
1291,1136,4,H
1292,1194,13,A
1293,1399,8,H
1294,1186,1,H
1295,1377,23,H
1296,1141,8,H
1299,1224,5,A
1301,1448,36,A
1305,1218,3,H
1306,1436,8,H
1307,1461,10,A
1308,1225,12,H
1313,1288,1,A
1317,1419,13,A
1318,1456,14,H
1321,1277,7,H
1324,1236,10,A
1328,1243,9,H
1330,1220,8,H
1331,1237,10,A
1332,1112,2,A
1335,1165,12,A
1341,1238,6,A
1343,1162,4,A
1349,1408,1,A
1350,1396,11,H
1352,1357,3,H
1355,1282,27,H
1358,1311,10,A
1359,1151,11,H
1361,1424,2,H
1362,1337,15,H
1364,1414,18,H
1366,1197,11,A
1367,1316,7,A
1368,1394,12,H
1369,1183,7,H
1375,1407,15,A
1379,1412,4,H
1380,1115,1,A
1381,1442,10,A
1383,1192,11,H
1384,1346,3,H
1387,1150,1,A
1388,1339,8,H
1390,1160,20,H
1393,1344,23,H
1398,1188,3,H
1401,1403,13,H
1402,1270,9,H
1409,1187,3,A
1411,1212,4,A
1415,1142,7,H
1418,1198,6,H
1421,1219,7,A
1422,1154,1,A
1426,1249,9,A
1427,1372,7,A
1429,1256,4,A
1431,1374,6,H
1433,1174,13,A
1435,1208,11,H
1440,1347,4,H
1444,1405,22,H
1447,1148,9,H
1451,1285,16,H
1452,1353,24,H
1453,1460,1,H
1454,1178,10,H
1457,1251,3,A
1459,1204,25,H
1462,1382,13,H
1463,1135,4,H
1133,1320,11,H
1139,1464,16,H
1166,1356,19,H
1176,1443,13,H
1179,1229,17,H
1181,1155,7,A
1191,1283,5,A
1207,1385,20,A
1216,1127,12,A
1233,1259,11,H
1268,1210,11,H
1278,1336,14,A
1310,1265,19,H
1326,1231,17,H
1389,1145,14,A
1417,1425,19,A
1434,1156,6,H
1449,1450,10,H
1455,1232,10,A
1458,1304,5,H
1115,1108,7,H
1122,1398,6,H
1125,1195,42,H
1126,1366,6,H
1131,1107,13,H
1140,1360,19,A
1190,1316,1,A
1193,1351,9,H
1197,1354,17,H
1238,1411,3,H
1239,1367,3,H
1242,1124,18,H
1252,1391,1,H
1255,1192,4,A
1266,1257,11,H
1281,1401,19,H
1288,1214,12,H
1290,1380,21,H
1300,1224,16,A
1313,1164,8,A
1340,1226,12,H
1341,1212,17,N
1353,1323,7,H
1370,1186,13,H
1392,1306,9,H
1393,1338,8,H
1436,1263,14,H
1144,1457,3,A
1161,1129,11,H
1167,1334,3,A
1199,1268,14,H
1207,1177,8,A
1216,1420,17,H
1246,1116,23,H
1261,1120,7,H
1276,1277,1,H
1305,1303,12,H
1315,1295,5,H
1328,1403,9,H
1345,1234,7,H
1347,1219,19,H
1421,1157,7,H
1110,1298,7,A
1119,1159,16,H
1123,1141,21,A
1132,1275,8,A
1137,1250,7,A
1138,1103,12,H
1146,1311,23,H
1150,1244,11,H
1153,1163,3,A
1166,1283,1,A
1168,1415,11,H
1179,1356,7,A
1180,1220,6,A
1182,1269,11,H
1185,1444,3,H
1191,1133,23,H
1200,1348,2,H
1203,1350,18,H
1206,1174,26,H
1208,1397,4,H
1229,1232,13,H
1235,1329,3,H
1241,1423,8,A
1243,1400,4,H
1270,1368,14,H
1274,1155,3,H
1279,1280,7,H
1293,1287,6,A
1304,1231,1,H
1318,1209,3,H
1325,1245,22,H
1330,1406,30,A
1358,1402,3,H
1361,1307,5,A
1374,1222,16,H
1378,1385,15,H
1396,1247,6,H
1405,1296,30,H
1409,1408,4,H
1412,1349,1,A
1416,1272,1,H
1424,1395,23,H
1426,1394,4,A
1427,1322,18,H
1431,1187,14,H
1437,1371,8,H
1452,1267,16,N
1455,1320,3,A
1458,1321,20,H
1461,1102,11,A
1462,1386,13,H
1112,1428,26,A
1122,1188,13,A
1131,1306,2,A
1139,1227,8,A
1143,1449,3,A
1144,1347,8,A
1148,1136,18,H
1149,1421,5,A
1160,1113,15,H
1172,1158,18,H
1176,1419,15,A
1181,1448,18,H
1184,1404,8,H
1193,1389,12,A
1194,1407,21,A
1198,1375,3,A
1202,1204,10,H
1211,1362,11,H
1216,1263,14,A
1240,1399,1,A
1248,1221,11,A
1253,1142,9,A
1254,1291,15,H
1256,1218,4,A
1258,1140,14,A
1259,1373,11,H
1282,1442,22,H
1284,1384,18,H
1285,1294,18,H
1286,1170,7,H
1292,1117,13,H
1301,1130,14,H
1308,1363,16,A
1310,1145,19,A
1312,1223,23,H
1314,1439,14,A
1324,1381,9,A
1331,1236,11,H
1332,1425,3,H
1333,1417,3,H
1336,1228,2,H
1352,1192,12,A
1357,1346,3,H
1359,1189,6,A
1360,1339,19,A
1364,1169,8,H
1370,1429,7,H
1377,1237,10,H
1388,1337,14,H
1398,1183,9,A
1410,1152,7,A
1418,1114,19,A
1420,1127,6,H
1422,1151,9,H
1433,1456,1,H
1434,1260,21,A
1435,1104,10,A
1436,1107,4,H
1438,1210,32,A
1440,1219,11,H
1447,1383,12,A
1450,1390,12,H
1451,1319,14,H
1457,1205,2,H
1459,1111,12,H
1464,1454,2,H
1156,1453,10,H
1195,1391,7,A
1233,1351,20,H
1264,1265,17,A
1103,1245,9,H
1108,1106,1,H
1110,1119,12,H
1111,1441,12,H
1116,1276,2,H
1117,1418,5,H
1120,1376,11,H
1122,1183,12,A
1123,1296,10,A
1126,1175,1,A
1137,1221,34,H
1138,1132,2,A
1139,1260,6,A
1140,1337,13,A
1142,1169,46,H
1144,1440,7,H
1149,1457,11,H
1152,1223,3,H
1155,1210,2,H
1157,1347,20,H
1159,1298,11,H
1160,1112,1,H
1162,1165,5,H
1164,1300,20,H
1166,1232,26,H
1168,1414,8,A
1172,1154,29,H
1173,1462,15,H
1174,1209,3,H
1178,1460,16,H
1180,1318,18,H
1185,1405,3,H
1189,1151,1,H
1191,1229,8,H
1194,1198,2,A
1196,1261,12,H
1197,1271,5,A
1199,1181,3,A
1203,1150,8,H
1204,1158,6,H
1206,1406,12,H
1207,1353,2,H
1211,1360,17,H
1217,1171,16,A
1218,1308,4,H
1220,1241,2,A
1222,1187,6,H
1225,1429,3,H
1226,1319,16,H
1235,1403,24,A
1238,1212,13,H
1239,1244,16,A
1242,1400,3,A
1243,1329,8,A
1246,1104,6,H
1247,1348,14,H
1249,1146,14,A
1251,1219,6,A
1252,1190,8,A
1253,1364,23,A
1254,1447,7,A
1256,1363,4,A
1257,1338,11,A
1266,1344,7,A
1269,1350,11,A
1272,1374,18,H
1273,1316,11,H
1277,1345,25,H
1279,1208,3,A
1280,1435,1,A
1281,1124,1,A
1282,1237,2,H
1283,1133,3,A
1285,1170,29,H
1286,1294,12,H
1287,1404,6,H
1290,1341,24,A
1292,1375,21,A
1293,1188,17,A
1299,1288,1,A
1305,1201,13,H
1311,1368,2,A
1312,1410,1,H
1313,1214,5,A
1317,1176,1,H
1322,1270,3,A
1323,1393,9,H
1325,1275,4,H
1326,1304,34,A
1331,1324,7,H
1332,1417,7,H
1333,1425,19,H
1334,1413,16,H
1335,1386,4,H
1340,1186,2,A
1346,1136,7,A
1352,1284,8,A
1355,1295,3,A
1357,1148,1,H
1361,1102,13,H
1362,1339,1,A
1366,1354,30,H
1367,1125,1,H
1379,1267,4,H
1380,1105,6,H
1381,1236,2,H
1382,1200,44,H
1383,1291,19,H
1384,1192,6,A
1387,1182,27,H
1388,1365,16,A
1392,1263,6,A
1394,1358,1,A
1395,1129,2,H
1396,1268,13,H
1397,1163,3,H
1399,1369,15,H
1401,1328,6,H
1407,1419,28,H
1408,1431,8,H
1409,1349,24,A
1411,1115,14,H
1416,1412,7,A
1421,1342,8,A
1423,1456,2,A
1424,1307,17,H
1426,1372,9,H
1427,1402,5,A
1428,1113,21,H
1430,1315,8,H
1433,1330,13,H
1434,1227,5,A
1437,1385,3,A
1442,1377,2,A
1443,1114,12,H
1444,1141,3,H
1448,1130,15,A
1449,1390,13,H
1450,1143,2,H
1452,1153,3,H
1455,1356,43,H
1459,1202,7,A
1461,1161,19,H
1463,1135,13,A
1131,1216,19,A
1156,1454,26,H
1184,1255,7,H
1231,1336,19,H
1250,1248,14,A
1259,1389,11,H
1264,1310,7,H
1278,1321,23,H
1301,1274,5,A
1306,1127,15,A
1320,1179,14,H
1351,1145,24,H
1378,1177,16,A
1422,1359,1,H
1436,1420,28,A
1439,1438,2,A
1458,1228,4,A
1464,1453,30,H
1105,1108,1,A
1125,1190,12,A
1126,1271,12,A
1135,1136,7,A
1174,1406,19,H
1175,1197,14,H
1180,1456,16,A
1204,1154,6,H
1206,1423,6,H
1209,1241,16,H
1242,1401,10,H
1258,1365,12,A
1273,1239,10,H
1288,1300,7,H
1290,1411,8,A
1299,1164,1,A
1316,1244,8,A
1330,1318,12,H
1341,1115,1,H
1363,1167,8,H
1366,1391,30,H
1367,1252,9,H
1373,1233,3,H
1380,1106,12,H
1393,1153,7,A
1433,1220,12,H
1103,1123,12,A
1124,1328,12,A
1131,1420,35,H
1138,1185,18,H
1195,1255,43,H
1214,1354,12,H
1246,1208,13,A
1266,1378,20,H
1274,1210,15,A
1276,1345,2,A
1287,1313,6,A
1356,1133,17,H
1361,1461,10,A
1400,1235,7,H
1414,1370,11,H
1426,1223,5,A
1435,1397,18,H
1442,1303,11,A
1107,1127,6,H
1116,1120,3,H
1119,1221,6,H
1132,1141,13,H
1137,1110,6,H
1140,1439,2,A
1166,1179,8,A
1177,1353,5,A
1178,1260,15,H
1180,1209,22,H
1181,1268,13,A
1199,1448,23,A
1206,1220,5,A
1229,1283,7,H
1232,1320,5,H
1241,1456,12,H
1243,1403,22,A
1245,1296,34,H
1247,1203,15,H
1248,1159,6,A
1250,1298,11,H
1257,1437,10,H
1263,1306,11,A
1270,1311,4,A
1272,1349,22,H
1277,1278,16,H
1280,1261,5,H
1307,1161,33,H
1318,1174,1,H
1322,1249,12,H
1323,1371,13,A
1325,1444,5,H
1326,1336,24,H
1329,1281,7,H
1330,1423,5,A
1338,1344,12,H
1350,1200,44,H
1368,1146,4,H
1372,1358,1,H
1376,1104,2,H
1379,1187,12,A
1382,1348,6,A
1385,1452,16,H
1386,1173,14,H
1387,1462,5,A
1392,1216,23,H
1394,1402,6,H
1395,1102,3,H
1396,1150,22,A
1405,1275,2,A
1408,1374,6,H
1409,1416,5,H
1412,1267,7,A
1418,1317,2,H
1424,1129,5,A
1433,1406,25,A
1455,1191,12,H
1460,1227,6,H
1112,1450,24,H
1114,1375,25,H
1157,1342,3,A
1160,1425,24,A
1168,1169,2,A
1172,1151,1,A
1176,1117,14,H
1189,1441,8,A
1192,1136,3,A
1194,1443,1,H
1196,1279,4,A
1202,1158,6,A
1205,1144,6,H
1211,1339,12,A
1225,1363,8,H
1226,1294,5,H
1236,1295,9,H
1240,1183,18,H
1253,1415,7,A
1256,1201,1,H
1284,1148,2,A
1285,1186,14,A
1286,1340,5,A
1292,1407,13,H
1304,1234,6,A
1305,1308,8,A
1314,1301,19,H
1315,1312,17,H
1324,1355,5,H
1331,1377,33,H
1334,1142,10,H
1346,1291,3,H
1351,1389,35,H
1352,1254,9,H
1359,1204,2,H
1360,1337,9,H
1362,1365,13,A
1364,1413,27,A
1369,1122,5,H
1381,1282,10,H
1383,1384,10,A
1388,1258,7,A
1398,1404,13,A
1399,1184,17,A
1417,1428,27,H
1421,1219,20,H
1422,1111,4,H
1429,1218,5,H
1430,1152,9,H
1438,1130,17,H
1440,1347,5,A
1447,1357,19,A
1449,1113,6,A
1451,1170,15,A
1453,1434,15,H
1454,1139,11,H
1457,1251,2,H
1458,1231,7,H
1459,1154,7,A
1135,1171,7,H
1178,1227,4,H
1217,1463,30,A
1233,1193,9,A
1259,1310,12,A
1264,1145,12,A
1367,1190,4,H
1373,1265,11,H
1392,1131,9,H
1460,1260,6,H
1103,1141,10,A
1104,1116,6,H
1107,1216,12,A
1110,1248,8,A
1111,1189,15,H
1113,1450,4,H
1114,1176,7,H
1122,1404,19,H
1124,1400,5,H
1125,1239,14,H
1137,1298,15,A
1138,1296,15,A
1142,1413,2,A
1148,1192,7,H
1149,1342,11,A
1155,1448,11,H
1156,1464,20,A
1157,1205,14,A
1161,1361,17,H
1164,1214,3,A
1165,1162,5,H
1166,1133,14,H
1169,1167,8,A
1170,1319,34,H
1175,1300,6,A
1179,1455,7,H
1180,1174,16,H
1181,1385,7,H
1185,1132,5,H
1186,1286,17,H
1187,1412,7,A
1195,1244,18,H
1196,1280,12,H
1197,1126,6,H
1200,1203,5,H
1202,1154,9,A
1204,1151,3,A
1206,1241,10,H
1212,1115,5,A
1217,1135,9,A
1218,1225,6,A
1219,1457,5,A
1221,1159,16,H
1222,1431,5,H
1226,1451,2,H
1229,1356,20,H
1235,1242,8,H
1240,1188,11,H
1245,1405,16,A
1246,1261,24,A
1247,1182,3,A
1249,1311,24,H
1250,1119,19,H
1251,1347,2,A
1253,1168,14,H
1254,1384,21,A
1257,1371,9,A
1258,1339,3,H
1263,1127,8,H
1266,1437,4,A
1268,1439,4,H
1269,1387,13,H
1272,1267,7,H
1273,1391,11,A
1278,1228,5,H
1279,1376,4,H
1281,1403,13,H
1283,1320,12,H
1284,1136,10,A
1285,1340,2,A
1287,1399,6,H
1290,1238,6,H
1291,1357,1,A
1293,1183,15,H
1295,1324,3,A
1299,1271,25,H
1305,1256,2,A
1307,1395,17,H
1308,1201,4,H
1313,1288,17,H
1315,1152,10,H
1316,1252,12,A
1317,1117,12,H
1318,1220,7,H
1322,1368,17,H
1325,1123,4,H
1328,1243,3,A
1330,1456,24,H
1331,1282,10,H
1337,1365,12,H
1338,1207,12,H
1341,1106,7,A
1345,1321,2,A
1348,1173,5,A
1349,1408,14,H
1353,1153,7,H
1355,1236,31,A
1359,1172,3,H
1362,1360,14,H
1364,1334,3,A
1366,1224,21,H
1372,1394,15,A
1379,1416,13,A
1380,1108,11,H
1381,1377,2,H
1382,1350,15,H
1383,1352,13,A
1388,1140,14,A
1393,1452,2,H
1396,1386,18,H
1397,1120,15,H
1398,1184,6,H
1401,1329,15,H
1406,1423,5,H
1409,1374,6,A
1410,1223,10,H
1411,1105,12,A
1414,1415,8,H
1417,1160,17,H
1418,1419,7,A
1421,1144,11,H
1422,1441,3,H
1424,1102,2,A
1425,1428,17,H
1426,1402,3,A
1427,1358,12,H
1429,1363,17,H
1430,1312,23,H
1433,1209,1,A
1434,1454,3,A
1435,1292,7,H
1438,1301,1,A
1442,1237,2,H
1443,1198,10,A
1444,1275,9,H
1447,1346,1,A
1449,1112,2,A
1453,1139,12,H
1459,1158,9,A
1461,1129,11,A
1462,1150,4,A
1463,1171,10,H
1143,1390,10,H
1193,1265,28,H
1231,1234,14,H
1232,1191,9,A
1233,1389,24,A
1259,1145,18,A
1264,1310,17,A
1270,1146,11,H
1274,1130,22,A
1314,1210,12,H
1323,1163,2,A
1326,1276,15,H
1333,1332,5,A
1351,1373,11,H
1375,1407,2,H
1378,1344,3,H
1436,1306,17,H
1105,1341,10,H
1106,1411,7,H
1115,1238,4,H
1125,1316,14,H
1158,1359,16,A
1164,1313,5,A
1175,1299,15,A
1190,1241,14,H
1214,1288,5,H
1224,1354,6,A
1252,1239,14,H
1273,1195,9,A
1281,1400,1,A
1290,1212,18,H
1294,1319,2,A
1300,1271,31,H
1335,1343,15,H
1338,1452,6,A
1367,1240,5,A
1369,1183,21,A
1391,1244,16,H
1398,1122,20,H
1399,1188,18,H
1459,1441,26,H
1116,1435,8,H
1228,1277,1,H
1235,1243,2,H
1245,1141,7,A
1246,1397,25,H
1266,1371,7,H
1307,1102,39,A
1314,1448,15,A
1320,1356,9,H
1329,1403,17,A
1438,1155,4,H
1458,1336,6,A
1464,1454,8,A
1103,1405,14,H
1107,1420,11,H
1120,1208,8,H
1124,1401,3,A
1132,1444,24,A
1138,1123,16,H
1159,1312,3,A
1166,1229,28,H
1172,1202,18,A
1174,1206,5,H
1180,1318,8,A
1182,1173,10,A
1187,1374,19,H
1191,1133,30,A
1199,1210,14,H
1207,1163,14,H
1209,1423,15,A
1220,1406,25,H
1232,1179,7,H
1234,1278,4,H
1237,1324,4,H
1242,1328,22,H
1247,1150,13,H
1249,1368,24,A
1267,1408,19,H
1270,1358,6,A
1274,1268,4,H
1275,1185,5,H
1276,1231,12,H
1301,1130,5,A
1306,1216,1,H
1308,1167,21,H
1311,1394,4,H
1322,1146,11,A
1325,1296,9,A
1330,1241,9,H
1344,1353,11,H
1348,1269,3,H
1349,1431,2,H
1361,1129,2,H
1372,1402,8,H
1379,1272,3,H
1385,1177,6,A
1386,1350,10,A
1387,1382,24,H
1392,1127,34,H
1395,1461,6,H
1396,1200,18,H
1412,1222,11,H
1424,1161,19,H
1426,1427,1,H
1433,1456,9,A
1436,1131,1,A
1455,1283,7,A
1462,1203,1,A
1112,1143,4,A
1117,1419,8,H
1139,1460,11,H
1140,1211,10,H
1144,1149,5,H
1160,1333,22,H
1168,1142,22,H
1170,1294,11,A
1181,1439,15,A
1184,1183,4,A
1186,1319,6,A
1188,1287,8,H
1189,1158,1,H
1196,1376,8,H
1198,1407,13,A
1201,1225,10,H
1223,1315,7,H
1226,1286,1,A
1227,1464,4,H
1233,1145,19,H
1240,1404,11,A
1251,1205,5,H
1254,1136,5,H
1258,1337,10,H
1264,1265,22,H
1284,1357,7,H
1291,1384,13,H
1292,1317,2,A
1293,1369,8,H
1295,1381,21,H
1305,1429,1,H
1321,1304,10,H
1332,1428,11,A
1334,1415,8,A
1339,1365,6,A
1342,1219,3,A
1346,1192,17,A
1355,1331,15,H
1359,1111,1,A
1364,1169,15,A
1375,1194,9,H
1383,1148,6,H
1388,1360,11,H
1390,1113,24,H
1399,1122,6,A
1414,1413,7,H
1418,1176,1,H
1421,1440,3,A
1422,1154,11,H
1430,1410,8,A
1434,1178,5,H
1441,1151,6,H
1442,1236,10,H
1447,1352,11,H
1449,1417,2,H
1450,1425,7,H
1451,1340,13,H
1457,1347,14,A
1125,1252,26,A
1156,1260,18,A
1162,1171,2,A
1193,1310,8,H
1217,1165,11,H
1259,1351,17,H
1343,1135,14,A
1389,1373,5,A
1463,1335,7,H
1103,1185,30,H
1104,1279,2,H
1108,1238,11,A
1110,1159,1,A
1112,1390,13,A
1114,1419,4,H
1115,1105,6,H
1124,1329,4,A
1126,1299,13,H
1131,1127,15,A
1132,1296,25,H
1137,1119,13,H
1138,1405,7,A
1140,1339,19,A
1143,1113,21,H
1150,1200,7,A
1153,1177,8,H
1157,1149,13,H
1158,1111,12,A
1160,1332,1,H
1161,1102,18,H
1163,1371,23,H
1164,1288,2,A
1165,1171,9,A
1167,1142,3,H
1168,1364,13,H
1170,1186,4,A
1172,1151,27,H
1174,1241,5,A
1175,1313,17,H
1176,1292,15,H
1178,1139,4,A
1180,1406,8,A
1182,1350,9,H
1187,1349,14,H
1188,1184,6,H
1189,1154,5,H
1190,1244,5,A
1195,1239,10,A
1196,1435,8,H
1198,1194,20,A
1199,1438,3,H
1201,1429,6,H
1202,1422,8,H
1204,1441,3,A
1206,1330,4,H
1207,1378,30,H
1209,1220,16,A
1210,1130,4,H
1211,1337,12,A
1217,1162,5,H
1218,1363,2,A
1219,1205,4,H
1225,1305,4,A
1229,1133,30,H
1231,1345,17,A
1233,1264,12,A
1234,1336,13,H
1235,1328,7,A
1237,1236,3,H
1243,1401,11,H
1245,1444,5,H
1246,1376,34,A
1248,1298,21,H
1249,1427,14,H
1250,1221,24,H
1253,1169,8,H
1254,1148,15,H
1257,1353,12,H
1258,1362,2,H
1261,1116,6,H
1263,1420,1,A
1265,1145,11,H
1269,1203,11,A
1271,1224,13,H
1272,1462,4,H
1273,1367,14,H
1275,1123,6,A
1280,1120,3,H
1281,1242,3,H
1283,1179,18,A
1285,1286,9,A
1287,1183,1,A
1290,1106,12,H
1293,1404,7,A
1300,1197,17,A
1301,1448,11,H
1307,1129,16,A
1308,1256,11,H
1311,1402,21,H
1312,1152,9,A
1314,1268,9,A
1316,1391,3,H
1320,1166,3,H
1322,1394,14,H
1323,1266,17,H
1324,1442,4,A
1325,1141,26,H
1326,1458,6,A
1331,1295,9,A
1333,1428,18,A
1334,1414,8,A
1335,1135,17,A
1340,1319,11,A
1341,1411,6,H
1342,1144,2,A
1346,1284,23,A
1352,1291,5,A
1355,1381,10,H
1356,1191,1,H
1357,1192,9,A
1358,1368,2,A
1359,1459,5,A
1360,1365,5,H
1361,1395,10,H
1366,1354,13,A
1370,1117,6,H
1377,1282,16,H
1380,1212,4,A
1383,1136,13,H
1386,1247,4,H
1387,1173,8,H
1392,1107,7,A
1393,1385,25,A
1396,1348,17,A
1397,1208,11,H
1398,1369,3,A
1399,1240,8,A
1400,1403,17,H
1408,1222,21,H
1409,1267,9,H
1410,1315,12,H
1412,1431,1,A
1415,1413,5,H
1416,1374,7,A
1417,1450,3,A
1418,1407,5,A
1421,1251,14,A
1423,1456,13,H
1426,1146,8,A
1430,1223,2,A
1433,1318,3,H
1434,1460,9,H
1436,1216,26,H
1439,1155,2,H
1440,1457,7,H
1443,1375,9,H
1447,1384,18,H
1449,1425,28,H
1451,1294,12,H
1454,1453,6,A
1455,1232,5,H
1461,1424,2,H
1463,1343,4,H
1156,1227,28,A
1193,1373,8,H
1259,1389,11,A
1270,1372,10,H
1274,1181,4,A
1277,1276,10,H
1278,1304,8,A
1321,1228,4,A
1338,1437,9,H
1351,1310,1,H
1452,1344,3,A
1464,1260,17,A
1108,1212,2,A
1115,1106,1,H
1125,1122,39,H
1131,1107,3,A
1172,1459,22,H
1175,1214,8,H
1189,1111,23,H
1197,1299,10,H
1204,1202,7,H
1224,1288,8,A
1239,1391,11,H
1257,1163,21,H
1266,1177,13,A
1273,1190,8,H
1281,1328,3,A
1285,1226,36,H
1290,1105,14,H
1300,1126,2,A
1313,1271,12,A
1316,1195,6,H
1354,1255,16,H
1366,1394,6,H
1367,1244,12,A
1380,1238,5,A
1392,1306,9,A
1400,1401,2,A
1436,1263,10,A
1104,1120,18,A
1144,1157,6,A
1152,1236,6,H
1191,1166,8,H
1216,1420,6,A
1225,1370,1,H
1243,1403,19,H
1246,1196,20,H
1268,1155,2,A
1326,1345,3,H
1329,1235,2,H
1437,1344,2,H
1103,1444,3,A
1126,1223,8,H
1130,1199,4,H
1132,1123,7,A
1133,1232,8,H
1137,1159,16,A
1138,1141,4,A
1153,1385,22,A
1174,1423,18,H
1180,1241,7,A
1181,1314,1,A
1206,1220,10,H
1208,1116,22,H
1209,1318,2,H
1221,1298,12,A
1229,1179,11,H
1240,1287,14,A
1242,1124,14,A
1245,1185,4,A
1248,1119,16,A
1249,1322,19,H
1254,1383,9,N
1269,1382,9,H
1272,1187,11,A
1276,1304,16,A
1277,1336,20,H
1283,1356,2,A
1284,1192,13,A
1296,1275,3,H
1323,1452,4,A
1330,1456,19,A
1346,1148,28,H
1349,1222,8,A
1350,1247,2,H
1352,1384,4,A
1357,1136,2,H
1371,1353,5,A
1372,1311,4,H
1374,1395,6,H
1378,1338,12,H
1387,1386,12,A
1393,1207,3,H
1396,1203,7,H
1397,1376,12,H
1402,1146,31,H
1405,1325,4,H
1410,1167,6,H
1412,1379,10,H
1416,1267,7,H
1426,1358,12,A
1427,1368,8,H
1431,1409,9,H
1433,1406,23,H
1435,1261,15,H
1438,1448,24,H
1447,1291,15,A
1455,1320,25,H
1462,1348,18,H
1110,1250,9,H
1111,1202,10,A
1112,1160,14,H
1113,1428,5,H
1114,1418,2,A
1131,1263,13,H
1139,1464,9,A
1142,1415,2,H
1143,1425,26,A
1144,1457,9,H
1151,1189,8,H
1158,1441,4,H
1168,1414,6,H
1170,1286,10,H
1172,1154,11,A
1183,1399,17,A
1193,1264,6,H
1194,1176,1,H
1204,1459,14,H
1211,1388,14,H
1219,1157,5,A
1225,1308,1,H
1231,1228,13,H
1251,1149,1,A
1253,1334,8,A
1258,1339,14,A
1265,1389,19,A
1274,1439,16,H
1280,1279,10,H
1282,1295,11,H
1285,1294,7,A
1292,1443,8,H
1301,1210,9,A
1305,1218,9,A
1306,1107,5,H
1310,1373,4,H
1315,1152,6,A
1317,1198,7,A
1321,1234,19,H
1331,1237,2,H
1332,1449,25,H
1340,1226,13,A
1342,1440,20,H
1347,1205,4,A
1351,1145,5,A
1360,1337,13,A
1362,1365,16,H
1363,1201,8,H
1369,1404,30,H
1375,1117,17,H
1377,1355,4,H
1381,1442,16,H
1392,1420,12,H
1398,1293,4,A
1413,1169,8,H
1417,1390,11,H
1422,1359,2,A
1429,1256,14,H
1430,1312,2,A
1434,1156,18,A
1450,1333,10,A
1451,1319,18,A
1458,1278,7,A
1162,1135,26,H
1165,1463,1,H
1178,1454,1,H
1217,1335,6,A
1259,1233,6,H
1273,1244,4,A
1343,1171,12,H
1453,1460,5,A
1103,1296,24,H
1106,1105,10,A
1107,1263,8,A
1112,1428,9,H
1115,1380,6,A
1116,1376,11,H
1119,1298,6,H
1125,1195,23,A
1129,1102,11,A
1132,1405,3,H
1137,1248,12,H
1138,1444,2,H
1139,1156,3,A
1140,1337,38,H
1142,1414,3,H
1143,1417,10,A
1149,1219,3,H
1150,1348,7,H
1155,1448,20,A
1158,1172,8,H
1160,1113,14,A
1165,1135,9,H
1173,1200,2,A
1174,1209,3,A
1175,1164,3,A
1176,1198,14,A
1180,1220,11,H
1181,1268,18,H
1183,1404,3,A
1185,1325,13,H
1190,1316,15,H
1194,1317,5,H
1199,1274,5,H
1202,1441,14,H
1203,1350,2,A
1204,1154,1,A
1205,1440,16,H
1206,1423,6,A
1208,1280,2,A
1211,1258,19,H
1218,1201,4,H
1221,1110,7,H
1224,1197,2,H
1225,1256,9,H
1226,1319,6,A
1232,1356,10,H
1235,1401,23,H
1237,1381,13,A
1238,1341,14,A
1241,1406,2,A
1242,1329,15,H
1245,1123,21,H
1246,1435,6,A
1250,1159,20,H
1251,1342,13,A
1252,1391,8,A
1253,1413,20,A
1254,1383,3,H
1257,1452,3,A
1260,1227,9,H
1261,1104,9,H
1264,1389,22,A
1266,1153,17,H
1267,1187,10,H
1270,1146,15,A
1271,1288,12,A
1272,1412,34,H
1275,1141,19,H
1277,1326,10,A
1279,1120,7,H
1281,1124,15,H
1284,1192,14,H
1285,1170,9,A
1287,1184,13,A
1290,1108,8,A
1292,1114,8,H
1293,1122,19,H
1294,1286,13,H
1295,1377,11,A
1299,1354,30,H
1305,1363,6,A
1307,1461,10,H
1308,1429,11,A
1310,1351,2,H
1311,1249,9,H
1312,1315,15,H
1313,1214,8,H
1314,1438,18,H
1320,1229,15,H
1323,1177,8,H
1324,1236,11,H
1331,1442,10,H
1332,1450,9,H
1334,1169,1,H
1335,1171,3,H
1336,1304,16,H
1343,1217,8,H
1346,1148,8,A
1349,1374,4,H
1352,1384,14,H
1355,1282,13,A
1357,1136,26,A
1358,1394,8,A
1359,1189,9,H
1362,1360,11,A
1364,1415,8,H
1366,1300,10,A
1367,1239,4,H
1368,1322,5,H
1369,1188,13,A
1370,1255,1,A
1372,1427,8,A
1373,1145,10,A
1375,1419,2,A
1378,1344,7,A
1379,1416,4,H
1382,1182,21,H
1386,1269,11,H
1387,1247,8,A
1388,1365,15,H
1393,1163,18,H
1395,1161,4,H
1396,1462,13,H
1397,1196,5,A
1398,1399,15,H
1400,1243,11,H
1403,1328,18,H
1407,1443,6,H
1409,1222,24,H
1411,1212,18,H
1418,1117,3,H
1421,1347,26,H
1422,1151,1,A
1424,1361,2,H
1426,1402,20,H
1430,1152,5,A
1431,1408,2,H
1433,1330,4,A
1447,1291,17,H
1451,1186,9,H
1455,1166,21,A
1456,1318,25,H
1457,1157,10,H
1459,1111,2,A
1463,1162,1,A
1464,1434,18,H
1167,1303,10,A
1178,1453,3,H
1179,1191,24,H
1193,1259,17,A
1207,1385,10,H
1216,1127,2,H
1233,1265,9,H
1276,1228,9,H
1283,1133,11,H
1306,1420,6,A
1345,1321,10,H
1371,1338,7,H
1390,1425,12,A
1436,1392,19,H
1439,1130,1,H
1449,1333,3,A
1460,1454,24,H
1108,1115,8,H
1124,1235,15,H
1125,1391,13,A
1126,1224,6,A
1164,1271,3,H
1175,1288,1,A
1195,1252,21,H
1239,1190,6,A
1242,1243,6,A
1270,1322,9,A
1290,1380,5,A
1300,1354,15,H
1341,1212,19,H
1366,1299,7,A
1367,1316,25,H
1393,1257,1,A
1411,1238,7,H
1139,1260,6,H
1141,1185,3,H
1149,1205,15,H
1155,1438,12,H
1157,1421,5,H
1166,1356,19,A
1174,1220,14,A
1180,1456,2,H
1196,1104,9,A
1206,1433,1,H
1209,1241,3,A
1219,1347,9,H
1232,1229,6,H
1245,1138,5,H
1251,1440,9,H
1261,1280,2,H
1305,1167,14,H
1318,1406,19,H
1326,1278,10,A
1330,1423,17,H
1342,1457,3,A
1371,1385,30,H
1373,1264,6,H
1395,1424,5,H
1398,1240,5,H
1400,1328,11,A
1401,1403,9,A
1404,1244,1,A
1434,1227,9,H
1453,1464,6,H
1454,1156,2,H
1102,1461,5,A
1103,1275,15,H
1110,1298,22,H
1111,1151,9,H
1119,1159,20,A
1129,1161,1,H
1153,1344,15,H
1163,1177,26,H
1168,1415,13,A
1169,1142,13,H
1172,1359,27,H
1173,1150,10,H
1175,1313,10,A
1178,1460,16,A
1179,1133,7,A
1182,1200,10,H
1183,1188,7,H
1186,1294,3,H
1191,1320,1,H
1193,1389,23,H
1214,1271,20,H
1216,1263,14,H
1221,1248,7,A
1231,1321,5,H
1233,1351,13,A
1237,1377,18,H
1249,1368,16,H
1250,1137,3,A
1258,1388,15,A
1265,1259,18,H
1270,1427,4,H
1272,1408,18,A
1281,1329,18,H
1287,1122,4,A
1293,1369,9,A
1306,1131,2,A
1307,1361,10,A
1310,1145,3,H
1314,1274,9,A
1323,1353,18,H
1324,1381,8,H
1325,1132,13,H
1331,1236,4,A
1340,1170,18,H
1345,1228,5,A
1355,1295,23,H
1358,1146,17,H
1364,1414,23,A
1376,1208,1,H
1378,1437,14,H
1379,1409,8,H
1386,1348,11,A
1387,1350,14,H
1396,1382,6,A
1397,1116,19,H
1399,1184,7,H
1402,1394,18,H
1405,1123,8,A
1412,1374,19,A
1413,1334,9,H
1417,1425,10,H
1420,1127,14,A
1422,1158,15,H
1426,1372,4,A
1436,1107,3,A
1442,1282,5,H
1444,1296,25,A
1448,1210,9,H
1451,1286,9,A
1455,1283,15,H
1459,1189,13,H
1112,1450,4,A
1114,1198,14,H
1117,1407,24,H
1140,1362,1,A
1143,1332,3,H
1148,1384,5,A
1152,1223,9,A
1176,1418,25,H
1181,1301,5,H
1199,1439,1,H
1211,1365,11,A
1254,1357,12,H
1256,1315,5,H
1268,1130,16,H
1277,1458,14,H
1291,1192,14,H
1317,1419,35,H
1336,1234,5,H
1352,1136,29,H
1360,1339,3,H
1370,1337,11,H
1383,1346,8,A
1390,1333,5,H
1410,1312,8,H
1435,1279,26,A
1441,1154,17,H
1443,1194,7,H
1447,1284,7,H
1449,1113,8,H
1452,1338,18,A
1217,1135,27,H
1258,1434,8,H
1335,1165,7,H
1343,1162,11,H
1391,1195,6,A
1433,1320,9,H
1463,1171,9,A
1102,1361,2,H
1104,1397,12,H
1106,1108,15,H
1107,1351,9,H
1110,1119,24,A
1111,1457,12,H
1114,1407,12,A
1117,1198,10,H
1120,1280,10,H
1122,1464,3,H
1123,1356,9,H
1125,1190,22,H
1126,1354,11,A
1129,1395,1,H
1132,1287,13,H
1139,1232,21,H
1140,1365,15,A
1143,1333,14,H
1145,1420,7,H
1149,1459,18,H
1153,1371,5,H
1154,1151,2,A
1158,1245,7,A
1159,1298,2,A
1160,1428,7,A
1161,1461,8,H
1166,1253,2,H
1167,1360,9,H
1168,1286,14,H
1171,1135,5,H
1174,1214,4,H
1176,1419,19,H
1178,1241,12,H
1180,1156,20,A
1184,1236,9,H
1188,1296,2,H
1191,1442,23,H
1196,1116,30,A
1199,1301,14,A
1201,1169,13,A
1204,1422,14,H
1205,1175,1,H
1206,1249,4,H
1207,1344,10,A
1209,1427,11,H
1216,1389,16,A
1217,1463,15,H
1220,1373,12,H
1221,1137,2,H
1222,1379,2,H
1223,1312,7,H
1224,1164,4,A
1225,1340,9,H
1227,1183,4,A
1229,1324,4,H
1233,1305,6,H
1235,1328,11,H
1237,1311,4,A
1238,1212,3,A
1239,1273,6,H
1240,1342,19,H
1242,1403,33,H
1243,1124,1,A
1246,1279,15,H
1247,1269,1,A
1250,1248,19,H
1254,1346,10,H
1256,1146,22,H
1257,1177,8,A
1260,1133,12,A
1261,1376,10,A
1264,1423,15,H
1265,1263,6,A
1266,1163,15,A
1267,1374,5,A
1270,1369,13,H
1274,1448,18,H
1276,1326,5,H
1281,1401,9,A
1284,1291,2,A
1285,1218,15,H
1288,1251,12,H
1290,1341,2,H
1292,1194,13,H
1293,1388,14,H
1294,1142,8,H
1295,1444,13,H
1300,1299,5,A
1304,1228,23,H
1306,1406,14,H
1307,1424,20,H
1308,1179,16,H
1314,1155,22,H
1315,1255,8,A
1316,1244,4,H
1321,1278,11,H
1322,1144,14,H
1323,1437,4,A
1325,1421,19,H
1329,1400,12,H
1330,1283,6,A
1331,1103,6,H
1334,1226,2,H
1335,1162,2,H
1337,1339,5,H
1343,1165,18,H
1347,1127,5,H
1350,1150,1,H
1352,1148,8,H
1355,1138,21,H
1359,1202,6,H
1362,1211,1,H
1363,1170,12,A
1364,1429,8,A
1366,1197,19,H
1367,1252,1,A
1368,1404,16,H
1372,1219,7,H
1375,1443,5,H
1380,1105,7,A
1382,1348,20,H
1383,1357,2,H
1384,1136,15,H
1385,1417,3,H
1386,1203,7,A
1387,1200,20,H
1392,1318,7,A
1394,1141,2,A
1396,1182,19,H
1399,1157,6,A
1402,1377,1,A
1405,1358,1,A
1409,1349,19,H
1410,1152,4,H
1411,1115,19,A
1412,1408,8,H
1413,1319,5,A
1414,1186,5,H
1415,1381,5,H
1416,1187,9,H
1418,1317,4,A
1431,1272,2,A
1436,1310,22,H
1438,1268,27,H
1439,1210,1,H
1440,1456,8,H
1441,1189,2,A
1447,1192,20,H
1449,1112,9,H
1450,1113,22,H
1451,1426,2,H
1453,1185,5,H
1454,1193,4,H
1455,1172,17,A
1460,1282,14,A
1462,1173,3,H
1181,1130,25,A
1234,1231,12,H
1259,1131,13,H
1277,1345,14,A
1332,1390,4,A
1378,1338,9,A
1393,1353,10,A
1398,1275,7,A
1435,1208,9,A
1458,1336,10,H
1105,1108,10,H
1115,1341,3,H
1124,1400,5,A
1125,1367,9,H
1163,1437,3,A
1175,1214,6,A
1190,1252,9,A
1193,1265,11,A
1197,1354,1,A
1224,1271,2,H
1239,1244,2,H
1290,1411,3,H
1313,1255,14,H
1316,1273,9,H
1366,1126,23,H
1370,1413,14,H
1380,1106,2,A
1385,1177,7,H
1127,1436,4,H
1139,1227,25,H
1155,1210,19,A
1161,1307,8,H
1166,1191,1,H
1196,1120,16,H
1243,1281,10,A
1246,1280,9,A
1268,1274,5,H
1269,1462,7,H
1275,1245,2,H
1276,1321,12,A
1314,1301,12,A
1326,1228,16,H
1371,1207,18,H
1392,1216,24,A
1434,1260,4,H
1438,1439,2,A
1453,1156,4,H
1459,1422,12,A
1103,1132,11,H
1131,1420,21,A
1150,1203,10,H
1154,1111,11,H
1167,1312,2,A
1173,1182,12,A
1174,1406,7,A
1179,1356,15,H
1180,1241,17,H
1185,1296,3,H
1219,1144,38,H
1221,1119,31,H
1231,1300,19,H
1232,1283,13,A
1235,1403,18,H
1242,1401,8,A
1248,1159,17,H
1250,1298,17,A
1253,1364,12,H
1261,1208,8,H
1263,1306,13,H
1266,1353,17,H
1267,1222,8,H
1272,1187,23,H
1277,1278,5,A
1288,1164,11,A
1311,1146,10,H
1318,1206,3,H
1320,1133,9,H
1323,1452,27,H
1325,1138,11,A
1328,1329,13,H
1330,1209,5,A
1345,1304,18,H
1349,1416,9,H
1350,1386,3,A
1358,1322,13,A
1361,1461,9,H
1372,1249,10,A
1374,1408,14,H
1382,1200,26,A
1393,1378,8,H
1395,1102,3,A
1396,1247,1,A
1397,1279,13,H
1402,1368,1,A
1405,1141,5,H
1415,1169,2,A
1424,1129,17,H
1426,1270,4,A
1427,1394,4,A
1431,1379,8,H
1433,1423,4,A
1435,1376,11,H
1444,1123,17,H
1455,1229,13,A
1456,1220,4,H
1104,1116,11,A
1107,1127,11,A
1112,1425,16,H
1122,1404,18,A
1125,1244,40,A
1137,1110,5,A
1143,1428,14,A
1148,1291,15,H
1153,1257,4,H
1156,1178,13,H
1158,1204,5,H
1168,1334,1,A
1172,1189,21,H
1181,1199,8,A
1186,1226,7,A
1188,1184,5,A
1190,1391,16,H
1201,1370,6,H
1202,1151,10,H
1211,1140,11,H
1234,1458,1,H
1237,1295,6,A
1240,1369,10,H
1251,1157,4,H
1254,1192,11,A
1256,1363,26,H
1265,1373,9,H
1273,1252,9,H
1284,1383,6,H
1285,1319,18,H
1287,1183,36,H
1292,1419,33,A
1293,1398,18,A
1308,1218,42,H
1317,1114,8,A
1324,1282,33,A
1337,1365,6,A
1340,1170,6,A
1342,1347,13,A
1346,1384,33,H
1352,1357,2,A
1355,1442,17,H
1360,1258,3,A
1367,1195,13,H
1375,1194,3,A
1377,1236,9,H
1388,1339,27,A
1390,1160,24,A
1407,1198,5,A
1417,1113,9,A
1421,1205,10,H
1430,1223,19,H
1440,1149,9,H
1441,1359,2,H
1443,1117,3,H
1447,1136,13,A
1451,1294,17,A
1453,1260,3,A
1454,1227,11,A
1464,1460,7,H
1165,1135,6,A
1217,1343,3,H
1233,1193,5,H
1264,1145,13,H
1266,1452,1,A
1310,1389,3,A
1316,1239,6,A
1335,1171,3,A
1351,1259,4,H
1429,1225,17,H
1434,1139,12,H
1463,1162,8,H
1104,1280,17,H
1108,1380,20,H
1110,1248,7,H
1112,1417,2,H
1113,1425,4,H
1114,1117,2,H
1115,1238,2,A
1116,1120,6,A
1122,1369,9,H
1124,1328,10,H
1125,1273,1,A
1131,1216,9,H
1132,1245,16,H
1135,1162,16,H
1137,1298,9,H
1138,1275,10,H
1140,1339,10,H
1146,1368,1,H
1148,1447,17,H
1149,1347,6,A
1151,1359,8,H
1155,1301,3,H
1156,1460,22,H
1157,1440,17,A
1158,1154,8,A
1166,1232,1,A
1167,1303,21,H
1170,1226,3,A
1172,1204,17,A
1173,1269,33,H
1174,1318,10,H
1175,1224,17,H
1178,1464,2,A
1180,1330,1,A
1181,1439,5,H
1184,1183,12,H
1185,1123,11,H
1189,1422,14,H
1190,1195,13,H
1191,1283,5,H
1192,1383,1,H
1198,1375,7,H
1200,1247,5,H
1203,1182,5,H
1207,1437,21,H
1208,1196,14,H
1209,1456,4,A
1210,1268,2,H
1211,1360,8,A
1214,1197,15,A
1220,1423,29,H
1221,1159,7,A
1222,1374,3,H
1229,1133,1,A
1231,1278,19,A
1235,1243,4,A
1236,1282,3,A
1240,1404,31,H
1241,1406,6,H
1242,1281,1,H
1246,1435,9,H
1249,1358,23,A
1250,1119,2,A
1251,1144,8,H
1252,1244,3,A
1253,1415,24,H
1256,1218,17,H
1258,1365,3,H
1271,1288,1,H
1272,1267,20,A
1277,1304,28,H
1279,1261,24,H
1284,1254,28,H
1285,1286,10,H
1287,1188,15,H
1290,1212,19,A
1291,1136,9,A
1293,1399,5,A
1299,1354,4,A
1305,1201,3,A
1308,1363,11,H
1311,1270,3,A
1312,1255,43,H
1313,1126,3,A
1314,1438,3,A
1315,1223,4,H
1320,1356,4,A
1321,1336,1,A
1324,1377,7,A
1325,1103,24,H
1329,1401,18,H
1331,1381,2,A
1335,1217,1,A
1340,1186,5,H
1341,1105,8,H
1342,1205,6,A
1343,1171,24,A
1344,1177,2,A
1345,1276,14,A
1346,1352,4,H
1348,1387,2,H
1353,1371,5,A
1355,1237,11,H
1357,1384,15,H
1361,1161,8,H
1364,1142,8,H
1366,1300,13,H
1367,1391,18,H
1372,1394,33,H
1379,1349,2,H
1382,1150,16,A
1385,1323,3,H
1386,1396,10,H
1388,1362,7,A
1393,1163,2,A
1395,1307,19,H
1397,1376,9,A
1400,1403,4,A
1402,1427,14,A
1405,1444,9,H
1407,1194,1,A
1409,1408,4,A
1411,1106,8,H
1412,1187,4,A
1413,1168,3,H
1414,1169,9,H
1416,1431,18,H
1419,1418,18,A
1421,1457,12,H
1424,1102,10,H
1426,1322,9,H
1428,1390,1,H
1430,1410,10,H
1433,1206,12,H
1436,1420,31,H
1441,1111,8,H
1442,1295,13,A
1443,1292,6,H
1448,1130,29,H
1449,1450,4,A
1453,1227,8,A
1454,1260,9,A
1455,1179,23,H
1458,1326,3,A
1459,1202,15,H
1461,1129,10,H
1462,1350,8,H
1463,1165,31,H
1141,1296,10,H
1160,1143,13,H
1176,1317,12,H
1228,1234,11,H
1233,1389,37,H
1257,1338,3,H
1259,1264,2,A
1265,1310,12,H
1274,1199,16,H
1306,1127,9,H
1332,1333,1,A
1351,1193,3,H
1373,1145,11,H
1378,1153,1,H
1392,1263,7,H
1115,1212,15,A
1124,1403,29,H
1126,1214,10,H
1164,1271,4,A
1207,1323,18,H
1211,1255,32,H
1219,1205,10,H
1242,1329,12,A
1286,1319,19,H
1288,1175,1,A
1290,1238,9,A
1300,1354,14,A
1313,1197,9,A
1315,1410,26,H
1341,1106,3,H
1366,1299,12,H
1411,1105,10,H
1440,1347,2,H
1139,1460,18,H
1178,1260,9,H
1181,1448,8,A
1186,1226,13,H
1231,1277,15,H
1243,1401,6,A
1272,1416,29,H
1279,1116,2,A
1285,1451,15,H
1340,1294,1,H
1344,1163,2,H
1387,1462,11,H
1435,1196,10,H
1452,1177,17,H
1454,1227,13,H
1458,1278,7,H
1461,1395,12,H
1464,1453,17,H
1104,1120,6,H
1110,1119,17,H
1123,1141,19,H
1125,1239,14,N
1130,1210,4,H
1132,1275,5,H
1137,1298,24,H
1138,1103,4,A
1149,1251,14,N
1153,1266,11,H
1161,1424,7,H
1168,1169,11,H
1182,1150,11,A
1185,1444,1,A
1187,1267,1,H
1188,1152,11,A
1222,1408,29,H
1234,1304,9,A
1240,1122,5,A
1245,1325,7,H
1247,1203,4,A
1248,1221,8,A
1249,1402,16,A
1250,1159,13,H
1253,1414,27,H
1273,1252,8,H
1280,1376,2,A
1281,1235,6,H
1296,1405,4,H
1301,1274,4,H
1307,1102,30,H
1314,1268,24,H
1322,1311,31,H
1326,1321,2,A
1338,1385,20,H
1339,1365,4,N
1345,1336,24,H
1348,1200,20,H
1349,1431,7,A
1350,1173,11,H
1361,1129,13,A
1368,1270,7,H
1369,1184,10,N
1370,1255,37,H
1372,1358,11,A
1378,1257,7,A
1379,1374,7,H
1382,1386,5,H
1396,1269,2,H
1397,1261,5,A
1400,1328,8,H
1412,1409,4,H
1421,1219,25,H
1426,1394,14,H
1427,1146,13,A
1440,1157,17,N
1442,1303,21,H
1457,1144,16,N
1105,1238,20,H
1106,1212,2,H
1115,1290,11,H
1126,1164,8,H
1127,1420,6,N
1142,1413,13,H
1155,1439,2,H
1175,1354,11,H
1179,1133,16,N
1190,1316,2,N
1195,1367,10,N
1199,1438,3,A
1225,1218,19,A
1232,1356,15,N
1246,1208,30,H
1254,1357,12,H
1256,1201,5,A
1276,1228,11,A
1287,1240,14,N
1288,1197,6,A
1300,1214,15,A
1305,1308,4,H
1313,1299,7,A
1332,1160,9,H
1333,1428,10,H
1346,1383,8,A
1352,1284,19,H
1360,1337,22,N
1362,1339,21,N
1364,1334,15,H
1366,1271,19,A
1380,1341,1,H
1399,1369,4,N
1411,1108,3,A
1417,1450,32,H
1421,1149,27,H
1429,1363,10,A
1437,1353,6,A
1440,1457,20,N
1447,1148,10,H
1449,1425,22,A
1111,1158,12,N
1123,1296,11,H
1125,1190,8,N
1139,1454,22,N
1140,1360,5,N
1165,1171,13,H
1166,1179,7,N
1174,1406,7,N
1178,1464,17,N
1191,1283,8,N
1195,1273,4,A
1202,1359,9,N
1204,1151,6,N
1209,1220,35,N
1217,1162,7,A
1229,1320,12,N
1265,1389,7,N
1293,1399,20,N
1310,1145,10,N
1318,1456,8,N
1323,1344,6,H
1335,1135,11,H
1343,1463,7,H
1362,1258,7,N
1398,1287,7,N
1423,1241,11,N
1441,1154,12,N
1455,1232,24,N
1103,1245,6,A
1106,1238,3,H
1107,1306,18,N
1117,1194,15,N
1120,1261,15,H
1125,1195,14,N
1137,1248,27,H
1138,1132,4,H
1141,1444,6,H
1142,1334,29,H
1153,1437,4,A
1161,1102,10,A
1162,1171,6,H
1163,1338,9,H
1166,1191,28,N
1168,1253,3,H
1172,1202,19,N
1173,1203,16,H
1177,1371,28,H
1178,1156,5,N
1180,1423,12,N
1186,1226,6,H
1187,1408,17,A
1189,1204,7,N
1193,1351,2,N
1206,1209,2,N
1208,1376,12,H
1210,1448,7,H
1211,1140,19,N
1212,1105,3,A
1216,1131,4,H
1217,1165,4,A
1222,1349,1,A
1223,1410,7,H
1225,1363,6,A
1229,1455,1,N
1233,1265,24,N
1235,1124,8,H
1242,1400,10,H
1243,1329,19,H
1247,1382,10,H
1249,1270,10,H
1250,1110,19,H
1259,1310,13,N
1266,1207,14,H
1267,1379,4,H
1269,1348,6,H
1272,1409,12,A
1274,1130,21,H
1278,1304,12,H
1279,1104,9,H
1280,1116,20,H
1281,1403,22,A
1293,1398,2,N
1305,1256,10,H
1307,1129,15,H
1308,1201,5,A
1312,1152,8,H
1314,1181,18,A
1315,1430,1,H
1321,1234,4,A
1325,1275,9,A
1328,1401,3,H
1330,1174,14,N
1331,1236,4,N
1332,1428,46,H
1333,1160,14,H
1335,1463,21,H
1340,1286,22,H
1341,1108,3,A
1343,1135,34,H
1353,1385,3,H
1355,1237,21,N
1358,1402,2,A
1361,1395,6,A
1364,1413,47,H
1368,1311,10,A
1372,1322,10,H
1373,1264,2,N
1374,1431,9,H
1375,1407,6,N
1380,1411,2,H
1387,1182,15,A
1388,1362,5,N
1392,1127,9,N
1393,1257,9,H
1394,1146,2,H
1396,1200,20,A
1397,1435,7,H
1405,1185,25,H
1415,1414,3,H
1416,1412,8,H
1417,1449,6,H
1421,1440,16,H
1422,1111,10,N
1424,1461,11,H
1427,1426,9,H
1429,1218,1,A
1433,1318,10,N
1434,1139,19,H
1436,1263,10,N
1441,1459,23,N
1443,1198,4,N
1450,1425,5,A
1452,1378,6,A
1462,1150,9,H
1113,1112,7,H
1117,1292,3,N
1166,1229,4,N
1172,1189,16,N
1176,1375,11,N
1180,1330,17,N
1193,1233,10,N
1199,1155,8,H
1231,1345,11,H
1246,1196,15,A
1254,1346,3,H
1259,1373,10,N
1276,1336,6,A
1301,1439,12,A
1317,1418,3,N
1326,1277,2,A
1352,1447,7,A
1381,1324,2,N
1390,1143,5,H
1392,1107,2,N
1433,1206,10,N
1436,1216,4,A
1438,1268,3,A
1441,1422,5,N
1442,1295,5,N
1443,1114,5,N
1458,1228,14,H
1141,1132,1,A
1172,1441,2,N
1259,1193,4,N
1296,1185,3,A
1317,1117,4,N
1355,1381,16,N
1388,1211,4,N
1405,1275,7,H
1433,1180,3,N
1442,1331,1,N
1443,1176,4,N
1444,1123,6,H
1126,1354,9,N
1163,1177,14,N
1173,1203,17,H
1178,1434,20,A
1197,1164,2,N
1214,1288,4,N
1224,1299,1,N
1247,1350,8,H
1269,1182,9,H
1285,1186,8,H
1300,1271,17,N
1338,1385,14,A
1343,1335,10,H
1355,1442,2,N
1371,1344,32,N
1386,1150,16,H
1437,1353,21,N
1443,1317,4,N
1451,1340,6,N
1160,1428,12,N
1163,1452,4,N
1187,1349,2,N
1207,1338,12,N
1214,1366,13,N
1249,1322,7,N
1250,1137,5,A
1254,1352,17,H
1257,1371,6,N
1267,1374,18,N
1270,1427,4,N
1285,1451,19,H
1290,1238,3,N
1313,1224,10,N
1329,1403,16,N
1333,1450,5,N
1372,1358,22,N
1378,1437,9,N
1390,1113,20,N
1401,1328,9,N
1405,1141,3,N
1411,1105,13,N
1412,1408,8,N
1417,1425,15,N
1426,1311,48,N
1431,1222,5,N
1444,1296,17,N
1104,1376,6,N
1108,1341,24,N
1112,1417,8,N
1115,1106,4,N
1124,1243,8,N
1126,1300,1,N
1142,1415,12,N
1143,1390,6,N
1153,1207,2,N
1160,1332,1,N
1161,1395,21,N
1197,1175,10,N
1208,1280,10,N
1218,1225,2,N
1231,1336,17,N
1234,1228,3,N
1242,1401,17,N
1245,1444,4,N
1249,1372,11,N
1253,1413,34,N
1256,1429,2,N
1257,1266,13,N
1261,1116,16,N
1267,1409,5,N
1268,1448,22,N
1270,1426,20,N
1272,1431,18,H
1274,1210,18,A
1278,1321,7,N
1279,1120,14,N
1281,1329,18,N
1301,1130,21,N
1305,1363,10,N
1307,1102,15,N
1308,1201,16,N
1312,1223,1,N
1323,1378,4,N
1325,1405,8,N
1333,1449,2,N
1345,1304,18,N
1361,1129,3,N
1364,1334,20,N
1379,1187,3,N
1393,1163,3,N
1400,1235,6,N
1414,1168,6,N
1416,1412,10,N
1424,1461,8,H
1439,1155,5,N
1103,1245,4,N
1112,1333,11,N
1124,1242,9,N
1126,1214,9,N
1153,1393,3,N
1160,1143,11,N
1181,1439,4,N
1196,1104,3,N
1199,1274,11,N
1246,1261,9,N
1253,1414,11,N
1256,1305,5,N
1257,1323,14,N
1267,1379,11,N
1269,1396,6,N
1272,1416,31,H
1276,1278,4,N
1277,1234,17,N
1279,1397,5,N
1281,1400,14,N
1290,1115,7,N
1301,1438,3,N
1307,1424,5,A
1308,1218,11,N
1312,1430,10,N
1313,1197,12,N
1314,1268,16,N
1315,1410,4,N
1325,1138,3,N
1326,1345,17,N
1361,1161,10,N
1364,1142,12,N
1382,1386,3,N
1387,1247,7,N
1411,1108,5,N
1435,1208,22,N
1458,1231,8,N
1462,1173,1,N
1160,1112,2,N
1199,1181,3,N
1246,1196,3,N
1249,1270,21,N
1253,1364,13,N
1257,1153,6,N
1272,1267,26,H
1277,1458,13,N
1281,1124,15,N
1290,1411,2,N
1307,1361,9,N
1308,1256,25,N
1313,1126,3,N
1314,1301,2,N
1315,1312,15,N
1325,1103,1,N
1326,1276,22,N
1370,1340,11,H
1382,1269,4,N
1435,1279,12,N
1436,1392,8,A
1462,1387,7,N
1199,1314,3,N
1277,1326,4,N
1382,1462,11,N
1435,1246,7,N
